
INSERT INTO COURSES VALUES('CS2172', 'Fundamentals of Computing', 'Ka Chun K. LEE', 'C01');

INSERT INTO COURSES VALUES('CS2332', 'Object-Oriented Programming', 'Yu MONG', 'C01');

INSERT INTO COURSES VALUES('CS2468', 'Data Structures and Data Mgt', 'Chung Sing V. LEE', 'C01');

INSERT INTO COURSES VALUES('CS3103', 'Operating Systems', 'Sheung Lun HUNG', 'C01');

INSERT INTO COURSES VALUES('CS3161', 'Operating System Principles', 'Yiu Keung CHAN', 'C01');

INSERT INTO COURSES VALUES('CS3184', 'Chinese Computing', 'Jiying WANG', 'C01');

INSERT INTO COURSES VALUES('CS3278', 'Fndls of Internet Programming', 'Chih-hao HUANG', 'C01');

INSERT INTO COURSES VALUES('CS3335', 'Design and Analy of Algorithms', 'Lusheng WANG', 'C01');

INSERT INTO COURSES VALUES('CS3402', 'Database Systems', 'Qing LI', 'C01');

INSERT INTO COURSES VALUES('CS4182', 'Computer Graphics', 'Hau San WONG', 'C01');

INSERT INTO STUDENTS VALUES('50000001', 'Anita Faust', 'CS', 'Department of Computer Science, City University of Hong Kong', TO_DATE('1988/4/22', 'YYYY/MM/DD'), 'FEMALE');

INSERT INTO STUDENTS VALUES('50000002', 'Annemarie Sommer', 'CS', 'Department of Computer Science, City University of Hong Kong', TO_DATE('1987/9/15', 'YYYY/MM/DD'), 'FEMALE');

INSERT INTO STUDENTS VALUES('50000003', 'Annette Evans', 'CS', 'Department of Computer Science, City University of Hong Kong', TO_DATE('1981/11/14', 'YYYY/MM/DD'), 'FEMALE');

INSERT INTO STUDENTS VALUES('50000004', 'Brett Foster', 'CS', 'Department of Computer Science, City University of Hong Kong', TO_DATE('1980/9/7', 'YYYY/MM/DD'), 'FEMALE');

INSERT INTO STUDENTS VALUES('50000005', 'Cory Anderson', 'CS', 'Department of Computer Science, City University of Hong Kong', TO_DATE('1981/5/25', 'YYYY/MM/DD'), 'MALE');

INSERT INTO STUDENTS VALUES('50000006', 'Dwight Toke', 'CS', 'Department of Computer Science, City University of Hong Kong', TO_DATE('1981/12/2', 'YYYY/MM/DD'), 'MALE');

INSERT INTO STUDENTS VALUES('50000007', 'Eusebio Gongaware', 'CS', 'Department of Computer Science, City University of Hong Kong', TO_DATE('1986/4/21', 'YYYY/MM/DD'), 'MALE');

INSERT INTO STUDENTS VALUES('50000008', 'Eva Diegel', 'CS', 'Department of Computer Science, City University of Hong Kong', TO_DATE('1987/12/27', 'YYYY/MM/DD'), 'FEMALE');

INSERT INTO STUDENTS VALUES('50000009', 'Ezra Mcmullen', 'CS', 'Department of Computer Science, City University of Hong Kong', TO_DATE('1981/2/18', 'YYYY/MM/DD'), 'MALE');

INSERT INTO STUDENTS VALUES('50000010', 'Gaynell Endsley', 'CS', 'Department of Computer Science, City University of Hong Kong', TO_DATE('1980/6/24', 'YYYY/MM/DD'), 'FEMALE');

INSERT INTO STUDENTS VALUES('50000011', 'Gene Patterson', 'CS', 'Department of Computer Science, City University of Hong Kong', TO_DATE('1980/7/12', 'YYYY/MM/DD'), 'FEMALE');

INSERT INTO STUDENTS VALUES('50000012', 'Gerardo Zeal', 'CS', 'Department of Computer Science, City University of Hong Kong', TO_DATE('1983/7/18', 'YYYY/MM/DD'), 'MALE');

INSERT INTO STUDENTS VALUES('50000013', 'Hyun Chase', 'CS', 'Department of Computer Science, City University of Hong Kong', TO_DATE('1989/7/6', 'YYYY/MM/DD'), 'FEMALE');

INSERT INTO STUDENTS VALUES('50000014', 'Jamey Watson', 'CS', 'Department of Computer Science, City University of Hong Kong', TO_DATE('1988/12/26', 'YYYY/MM/DD'), 'MALE');

INSERT INTO STUDENTS VALUES('50000015', 'Janna Catlay', 'CS', 'Department of Computer Science, City University of Hong Kong', TO_DATE('1984/11/10', 'YYYY/MM/DD'), 'FEMALE');

INSERT INTO STUDENTS VALUES('50000016', 'January Harshman', 'CS', 'Department of Computer Science, City University of Hong Kong', TO_DATE('1985/7/20', 'YYYY/MM/DD'), 'FEMALE');

INSERT INTO STUDENTS VALUES('50000017', 'Jude Buck', 'CS', 'Department of Computer Science, City University of Hong Kong', TO_DATE('1982/6/26', 'YYYY/MM/DD'), 'MALE');

INSERT INTO STUDENTS VALUES('50000018', 'Kathern Fulton', 'CS', 'Department of Computer Science, City University of Hong Kong', TO_DATE('1983/11/7', 'YYYY/MM/DD'), 'FEMALE');

INSERT INTO STUDENTS VALUES('50000019', 'Lincoln Mills', 'CS', 'Department of Computer Science, City University of Hong Kong', TO_DATE('1982/7/3', 'YYYY/MM/DD'), 'MALE');

INSERT INTO STUDENTS VALUES('50000020', 'Louise Knapp', 'CS', 'Department of Computer Science, City University of Hong Kong', TO_DATE('1985/10/1', 'YYYY/MM/DD'), 'FEMALE');

INSERT INTO STUDENTS VALUES('50000021', 'Lourie Mccrady', 'CS', 'Department of Computer Science, City University of Hong Kong', TO_DATE('1981/11/19', 'YYYY/MM/DD'), 'FEMALE');

INSERT INTO STUDENTS VALUES('50000022', 'Luigi Cowart', 'CS', 'Department of Computer Science, City University of Hong Kong', TO_DATE('1987/2/4', 'YYYY/MM/DD'), 'MALE');

INSERT INTO STUDENTS VALUES('50000023', 'Lyndsay Lowe', 'CS', 'Department of Computer Science, City University of Hong Kong', TO_DATE('1987/6/6', 'YYYY/MM/DD'), 'FEMALE');

INSERT INTO STUDENTS VALUES('50000024', 'Madeleine Coates', 'CS', 'Department of Computer Science, City University of Hong Kong', TO_DATE('1984/1/13', 'YYYY/MM/DD'), 'FEMALE');

INSERT INTO STUDENTS VALUES('50000025', 'Marivel Glover', 'CS', 'Department of Computer Science, City University of Hong Kong', TO_DATE('1982/1/7', 'YYYY/MM/DD'), 'FEMALE');

INSERT INTO STUDENTS VALUES('50000026', 'Maurine Munson', 'CS', 'Department of Computer Science, City University of Hong Kong', TO_DATE('1980/9/26', 'YYYY/MM/DD'), 'FEMALE');

INSERT INTO STUDENTS VALUES('50000027', 'Maye Mcloskey', 'CS', 'Department of Computer Science, City University of Hong Kong', TO_DATE('1980/7/12', 'YYYY/MM/DD'), 'FEMALE');

INSERT INTO STUDENTS VALUES('50000028', 'Noe Fraser', 'CS', 'Department of Computer Science, City University of Hong Kong', TO_DATE('1980/8/10', 'YYYY/MM/DD'), 'MALE');

INSERT INTO STUDENTS VALUES('50000029', 'Rico Townsend', 'CS', 'Department of Computer Science, City University of Hong Kong', TO_DATE('1989/8/18', 'YYYY/MM/DD'), 'MALE');

INSERT INTO STUDENTS VALUES('50000030', 'Sommer Ramsey', 'CS', 'Department of Computer Science, City University of Hong Kong', TO_DATE('1984/4/6', 'YYYY/MM/DD'), 'FEMALE');

INSERT INTO STUDENTS VALUES('50000031', 'Tilda Watkins', 'CS', 'Department of Computer Science, City University of Hong Kong', TO_DATE('1984/9/5', 'YYYY/MM/DD'), 'FEMALE');

INSERT INTO STUDENTS VALUES('50000032', 'Vella Greif', 'CS', 'Department of Computer Science, City University of Hong Kong', TO_DATE('1986/2/13', 'YYYY/MM/DD'), 'FEMALE');

INSERT INTO STUDENTS VALUES('50000033', 'Carmelo Woolery', 'EE', 'Department of Electronic Engineering, City University of Hong Kong', TO_DATE('1981/11/22', 'YYYY/MM/DD'), 'MALE');

INSERT INTO STUDENTS VALUES('50000034', 'Carol Jenner', 'EE', 'Department of Electronic Engineering, City University of Hong Kong', TO_DATE('1986/2/16', 'YYYY/MM/DD'), 'FEMALE');

INSERT INTO STUDENTS VALUES('50000035', 'Conrad Hughes', 'EE', 'Department of Electronic Engineering, City University of Hong Kong', TO_DATE('1980/6/13', 'YYYY/MM/DD'), 'MALE');

INSERT INTO STUDENTS VALUES('50000036', 'Corie Style', 'EE', 'Department of Electronic Engineering, City University of Hong Kong', TO_DATE('1980/6/3', 'YYYY/MM/DD'), 'FEMALE');

INSERT INTO STUDENTS VALUES('50000037', 'Cortez Eisenmann', 'EE', 'Department of Electronic Engineering, City University of Hong Kong', TO_DATE('1983/1/4', 'YYYY/MM/DD'), 'MALE');

INSERT INTO STUDENTS VALUES('50000038', 'Courtney Law', 'EE', 'Department of Electronic Engineering, City University of Hong Kong', TO_DATE('1989/11/15', 'YYYY/MM/DD'), 'MALE');

INSERT INTO STUDENTS VALUES('50000039', 'Denese Canham', 'EE', 'Department of Electronic Engineering, City University of Hong Kong', TO_DATE('1989/12/5', 'YYYY/MM/DD'), 'FEMALE');

INSERT INTO STUDENTS VALUES('50000040', 'Dillon Reese', 'EE', 'Department of Electronic Engineering, City University of Hong Kong', TO_DATE('1987/11/27', 'YYYY/MM/DD'), 'MALE');

INSERT INTO STUDENTS VALUES('50000041', 'Dorathy Morgan', 'EE', 'Department of Electronic Engineering, City University of Hong Kong', TO_DATE('1980/1/6', 'YYYY/MM/DD'), 'FEMALE');

INSERT INTO STUDENTS VALUES('50000042', 'Edmund Aft', 'EE', 'Department of Electronic Engineering, City University of Hong Kong', TO_DATE('1989/6/1', 'YYYY/MM/DD'), 'MALE');

INSERT INTO STUDENTS VALUES('50000043', 'Elmira Wise', 'EE', 'Department of Electronic Engineering, City University of Hong Kong', TO_DATE('1986/3/25', 'YYYY/MM/DD'), 'FEMALE');

INSERT INTO STUDENTS VALUES('50000044', 'Emil Bowman', 'EE', 'Department of Electronic Engineering, City University of Hong Kong', TO_DATE('1986/7/16', 'YYYY/MM/DD'), 'MALE');

INSERT INTO STUDENTS VALUES('50000045', 'Eric Giesler', 'EE', 'Department of Electronic Engineering, City University of Hong Kong', TO_DATE('1980/9/19', 'YYYY/MM/DD'), 'FEMALE');

INSERT INTO STUDENTS VALUES('50000046', 'Floy Barth', 'EE', 'Department of Electronic Engineering, City University of Hong Kong', TO_DATE('1986/10/5', 'YYYY/MM/DD'), 'FEMALE');

INSERT INTO STUDENTS VALUES('50000047', 'Frederick Patton', 'EE', 'Department of Electronic Engineering, City University of Hong Kong', TO_DATE('1988/4/6', 'YYYY/MM/DD'), 'MALE');

INSERT INTO STUDENTS VALUES('50000048', 'Gillian Alliman', 'EE', 'Department of Electronic Engineering, City University of Hong Kong', TO_DATE('1985/1/19', 'YYYY/MM/DD'), 'FEMALE');

INSERT INTO STUDENTS VALUES('50000049', 'Guillermo Vanleer', 'EE', 'Department of Electronic Engineering, City University of Hong Kong', TO_DATE('1988/10/13', 'YYYY/MM/DD'), 'MALE');

INSERT INTO STUDENTS VALUES('50000050', 'Jewel Ullman', 'EE', 'Department of Electronic Engineering, City University of Hong Kong', TO_DATE('1983/3/7', 'YYYY/MM/DD'), 'MALE');

INSERT INTO STUDENTS VALUES('50000051', 'Jody Atweeke', 'EE', 'Department of Electronic Engineering, City University of Hong Kong', TO_DATE('1987/10/7', 'YYYY/MM/DD'), 'MALE');

INSERT INTO STUDENTS VALUES('50000052', 'Juliana Wilks', 'EE', 'Department of Electronic Engineering, City University of Hong Kong', TO_DATE('1980/6/22', 'YYYY/MM/DD'), 'FEMALE');

INSERT INTO STUDENTS VALUES('50000053', 'Kyung Ehret', 'EE', 'Department of Electronic Engineering, City University of Hong Kong', TO_DATE('1983/6/7', 'YYYY/MM/DD'), 'FEMALE');

INSERT INTO STUDENTS VALUES('50000054', 'Leopoldo Allshouse', 'EE', 'Department of Electronic Engineering, City University of Hong Kong', TO_DATE('1983/8/28', 'YYYY/MM/DD'), 'MALE');

INSERT INTO STUDENTS VALUES('50000055', 'Lera Herndon', 'EE', 'Department of Electronic Engineering, City University of Hong Kong', TO_DATE('1988/7/16', 'YYYY/MM/DD'), 'FEMALE');

INSERT INTO STUDENTS VALUES('50000056', 'Lon Bailey', 'EE', 'Department of Electronic Engineering, City University of Hong Kong', TO_DATE('1985/5/17', 'YYYY/MM/DD'), 'MALE');

INSERT INTO STUDENTS VALUES('50000057', 'Lucius Mang', 'EE', 'Department of Electronic Engineering, City University of Hong Kong', TO_DATE('1982/8/7', 'YYYY/MM/DD'), 'MALE');

INSERT INTO STUDENTS VALUES('50000058', 'Marcelino Bridger', 'EE', 'Department of Electronic Engineering, City University of Hong Kong', TO_DATE('1982/5/17', 'YYYY/MM/DD'), 'MALE');

INSERT INTO STUDENTS VALUES('50000059', 'Mckinley Eckhardstein', 'EE', 'Department of Electronic Engineering, City University of Hong Kong', TO_DATE('1986/6/25', 'YYYY/MM/DD'), 'MALE');

INSERT INTO STUDENTS VALUES('50000060', 'Nikole Henry', 'EE', 'Department of Electronic Engineering, City University of Hong Kong', TO_DATE('1982/6/5', 'YYYY/MM/DD'), 'FEMALE');

INSERT INTO STUDENTS VALUES('50000061', 'Olivia Saline', 'EE', 'Department of Electronic Engineering, City University of Hong Kong', TO_DATE('1984/9/21', 'YYYY/MM/DD'), 'FEMALE');

INSERT INTO STUDENTS VALUES('50000062', 'Raleigh Lalty', 'EE', 'Department of Electronic Engineering, City University of Hong Kong', TO_DATE('1983/10/15', 'YYYY/MM/DD'), 'MALE');

INSERT INTO STUDENTS VALUES('50000063', 'Randal Millard', 'EE', 'Department of Electronic Engineering, City University of Hong Kong', TO_DATE('1982/4/19', 'YYYY/MM/DD'), 'MALE');

INSERT INTO STUDENTS VALUES('50000064', 'Rutha Alcocke', 'EE', 'Department of Electronic Engineering, City University of Hong Kong', TO_DATE('1986/11/8', 'YYYY/MM/DD'), 'FEMALE');

INSERT INTO STUDENTS VALUES('50000065', 'Shella Fry', 'EE', 'Department of Electronic Engineering, City University of Hong Kong', TO_DATE('1985/12/26', 'YYYY/MM/DD'), 'FEMALE');

INSERT INTO STUDENTS VALUES('50000066', 'Sherice Fitzgerald', 'EE', 'Department of Electronic Engineering, City University of Hong Kong', TO_DATE('1980/11/5', 'YYYY/MM/DD'), 'FEMALE');

INSERT INTO STUDENTS VALUES('50000067', 'Stefanie Osterweis', 'EE', 'Department of Electronic Engineering, City University of Hong Kong', TO_DATE('1988/9/12', 'YYYY/MM/DD'), 'FEMALE');

INSERT INTO STUDENTS VALUES('50000068', 'Temple Driggers', 'EE', 'Department of Electronic Engineering, City University of Hong Kong', TO_DATE('1985/8/17', 'YYYY/MM/DD'), 'FEMALE');

INSERT INTO STUDENTS VALUES('50000069', 'Trevor Smith', 'EE', 'Department of Electronic Engineering, City University of Hong Kong', TO_DATE('1989/11/16', 'YYYY/MM/DD'), 'MALE');

INSERT INTO STUDENTS VALUES('50000070', 'Vergie Reade', 'EE', 'Department of Electronic Engineering, City University of Hong Kong', TO_DATE('1982/1/18', 'YYYY/MM/DD'), 'FEMALE');

INSERT INTO STUDENTS VALUES('50000071', 'Zachary Holdeman', 'EE', 'Department of Electronic Engineering, City University of Hong Kong', TO_DATE('1986/11/1', 'YYYY/MM/DD'), 'MALE');

INSERT INTO STUDENTS VALUES('50000072', 'Amada Buehler', 'IS', 'Department of Information Systems, City University of Hong Kong', TO_DATE('1982/7/7', 'YYYY/MM/DD'), 'FEMALE');

INSERT INTO STUDENTS VALUES('50000073', 'Antonietta Hall', 'IS', 'Department of Information Systems, City University of Hong Kong', TO_DATE('1988/2/14', 'YYYY/MM/DD'), 'FEMALE');

INSERT INTO STUDENTS VALUES('50000074', 'Boris Parkinson', 'IS', 'Department of Information Systems, City University of Hong Kong', TO_DATE('1987/9/20', 'YYYY/MM/DD'), 'MALE');

INSERT INTO STUDENTS VALUES('50000075', 'Bridgett Hoenshell', 'IS', 'Department of Information Systems, City University of Hong Kong', TO_DATE('1989/12/18', 'YYYY/MM/DD'), 'FEMALE');

INSERT INTO STUDENTS VALUES('50000076', 'Britta Coughenour', 'IS', 'Department of Information Systems, City University of Hong Kong', TO_DATE('1982/4/11', 'YYYY/MM/DD'), 'FEMALE');

INSERT INTO STUDENTS VALUES('50000077', 'Buster Linton', 'IS', 'Department of Information Systems, City University of Hong Kong', TO_DATE('1988/9/7', 'YYYY/MM/DD'), 'MALE');

INSERT INTO STUDENTS VALUES('50000078', 'Carly Pratt', 'IS', 'Department of Information Systems, City University of Hong Kong', TO_DATE('1980/3/24', 'YYYY/MM/DD'), 'FEMALE');

INSERT INTO STUDENTS VALUES('50000079', 'Casey Reiss', 'IS', 'Department of Information Systems, City University of Hong Kong', TO_DATE('1987/6/12', 'YYYY/MM/DD'), 'MALE');

INSERT INTO STUDENTS VALUES('50000080', 'Charla Orbell', 'IS', 'Department of Information Systems, City University of Hong Kong', TO_DATE('1980/10/16', 'YYYY/MM/DD'), 'FEMALE');

INSERT INTO STUDENTS VALUES('50000081', 'Daron Hincken', 'IS', 'Department of Information Systems, City University of Hong Kong', TO_DATE('1989/8/1', 'YYYY/MM/DD'), 'MALE');

INSERT INTO STUDENTS VALUES('50000082', 'Dorinda Eisaman', 'IS', 'Department of Information Systems, City University of Hong Kong', TO_DATE('1987/4/10', 'YYYY/MM/DD'), 'FEMALE');

INSERT INTO STUDENTS VALUES('50000083', 'Douglass Ritter', 'IS', 'Department of Information Systems, City University of Hong Kong', TO_DATE('1986/10/28', 'YYYY/MM/DD'), 'MALE');

INSERT INTO STUDENTS VALUES('50000084', 'Ellis Busk', 'IS', 'Department of Information Systems, City University of Hong Kong', TO_DATE('1986/6/23', 'YYYY/MM/DD'), 'MALE');

INSERT INTO STUDENTS VALUES('50000085', 'Fletcher Otis', 'IS', 'Department of Information Systems, City University of Hong Kong', TO_DATE('1989/9/25', 'YYYY/MM/DD'), 'MALE');

INSERT INTO STUDENTS VALUES('50000086', 'Galen Guest', 'IS', 'Department of Information Systems, City University of Hong Kong', TO_DATE('1985/6/28', 'YYYY/MM/DD'), 'MALE');

INSERT INTO STUDENTS VALUES('50000087', 'Gerry Glover', 'IS', 'Department of Information Systems, City University of Hong Kong', TO_DATE('1987/6/25', 'YYYY/MM/DD'), 'MALE');

INSERT INTO STUDENTS VALUES('50000088', 'Gwyneth Burnett', 'IS', 'Department of Information Systems, City University of Hong Kong', TO_DATE('1987/2/20', 'YYYY/MM/DD'), 'FEMALE');

INSERT INTO STUDENTS VALUES('50000089', 'Ileana Wilkerson', 'IS', 'Department of Information Systems, City University of Hong Kong', TO_DATE('1986/11/17', 'YYYY/MM/DD'), 'FEMALE');

INSERT INTO STUDENTS VALUES('50000090', 'Jackie Bellinger', 'IS', 'Department of Information Systems, City University of Hong Kong', TO_DATE('1980/5/8', 'YYYY/MM/DD'), 'FEMALE');

INSERT INTO STUDENTS VALUES('50000091', 'Jamaal Hoopengarner', 'IS', 'Department of Information Systems, City University of Hong Kong', TO_DATE('1988/3/17', 'YYYY/MM/DD'), 'MALE');

INSERT INTO STUDENTS VALUES('50000092', 'Jarred Gottwine', 'IS', 'Department of Information Systems, City University of Hong Kong', TO_DATE('1985/2/3', 'YYYY/MM/DD'), 'MALE');

INSERT INTO STUDENTS VALUES('50000093', 'John Northey', 'IS', 'Department of Information Systems, City University of Hong Kong', TO_DATE('1987/10/8', 'YYYY/MM/DD'), 'MALE');

INSERT INTO STUDENTS VALUES('50000094', 'Lakita Anderson', 'IS', 'Department of Information Systems, City University of Hong Kong', TO_DATE('1988/4/16', 'YYYY/MM/DD'), 'FEMALE');

INSERT INTO STUDENTS VALUES('50000095', 'Landon Park', 'IS', 'Department of Information Systems, City University of Hong Kong', TO_DATE('1982/11/17', 'YYYY/MM/DD'), 'MALE');

INSERT INTO STUDENTS VALUES('50000096', 'Lidia Elless', 'IS', 'Department of Information Systems, City University of Hong Kong', TO_DATE('1982/12/15', 'YYYY/MM/DD'), 'FEMALE');

INSERT INTO STUDENTS VALUES('50000097', 'Macy Christman', 'IS', 'Department of Information Systems, City University of Hong Kong', TO_DATE('1982/6/28', 'YYYY/MM/DD'), 'FEMALE');

INSERT INTO STUDENTS VALUES('50000098', 'Malorie Ream', 'IS', 'Department of Information Systems, City University of Hong Kong', TO_DATE('1987/6/5', 'YYYY/MM/DD'), 'FEMALE');

INSERT INTO STUDENTS VALUES('50000099', 'Mari Gleper', 'IS', 'Department of Information Systems, City University of Hong Kong', TO_DATE('1984/3/9', 'YYYY/MM/DD'), 'FEMALE');

INSERT INTO STUDENTS VALUES('50000100', 'Maurice Joghs', 'IS', 'Department of Information Systems, City University of Hong Kong', TO_DATE('1981/11/7', 'YYYY/MM/DD'), 'MALE');

INSERT INTO STUDENTS VALUES('50000101', 'Mellie Hamilton', 'IS', 'Department of Information Systems, City University of Hong Kong', TO_DATE('1988/10/15', 'YYYY/MM/DD'), 'FEMALE');

INSERT INTO STUDENTS VALUES('50000102', 'Oscar Mackendrick', 'IS', 'Department of Information Systems, City University of Hong Kong', TO_DATE('1984/6/18', 'YYYY/MM/DD'), 'MALE');

INSERT INTO STUDENTS VALUES('50000103', 'Patrica Geddinge', 'IS', 'Department of Information Systems, City University of Hong Kong', TO_DATE('1981/5/23', 'YYYY/MM/DD'), 'FEMALE');

INSERT INTO STUDENTS VALUES('50000104', 'Pedro Hill', 'IS', 'Department of Information Systems, City University of Hong Kong', TO_DATE('1982/7/12', 'YYYY/MM/DD'), 'MALE');

INSERT INTO STUDENTS VALUES('50000105', 'Rashida Bould', 'IS', 'Department of Information Systems, City University of Hong Kong', TO_DATE('1985/8/16', 'YYYY/MM/DD'), 'FEMALE');

INSERT INTO STUDENTS VALUES('50000106', 'Renita Compton', 'IS', 'Department of Information Systems, City University of Hong Kong', TO_DATE('1982/6/28', 'YYYY/MM/DD'), 'FEMALE');

INSERT INTO STUDENTS VALUES('50000107', 'Richie Anderson', 'IS', 'Department of Information Systems, City University of Hong Kong', TO_DATE('1980/11/6', 'YYYY/MM/DD'), 'MALE');

INSERT INTO STUDENTS VALUES('50000108', 'Riley Woollard', 'IS', 'Department of Information Systems, City University of Hong Kong', TO_DATE('1986/3/7', 'YYYY/MM/DD'), 'MALE');

INSERT INTO STUDENTS VALUES('50000109', 'Robyn Marjorie', 'IS', 'Department of Information Systems, City University of Hong Kong', TO_DATE('1987/12/20', 'YYYY/MM/DD'), 'FEMALE');

INSERT INTO STUDENTS VALUES('50000110', 'Salvador Tireman', 'IS', 'Department of Information Systems, City University of Hong Kong', TO_DATE('1985/11/13', 'YYYY/MM/DD'), 'MALE');

INSERT INTO STUDENTS VALUES('50000111', 'Alta Mitchell', 'MS', 'Department of Management Sciences, City University of Hong Kong', TO_DATE('1981/12/2', 'YYYY/MM/DD'), 'FEMALE');

INSERT INTO STUDENTS VALUES('50000112', 'Arnette Langston', 'MS', 'Department of Management Sciences, City University of Hong Kong', TO_DATE('1984/3/18', 'YYYY/MM/DD'), 'FEMALE');

INSERT INTO STUDENTS VALUES('50000113', 'Burl Heckendora', 'MS', 'Department of Management Sciences, City University of Hong Kong', TO_DATE('1985/3/8', 'YYYY/MM/DD'), 'MALE');

INSERT INTO STUDENTS VALUES('50000114', 'Carroll Adams', 'MS', 'Department of Management Sciences, City University of Hong Kong', TO_DATE('1982/9/5', 'YYYY/MM/DD'), 'MALE');

INSERT INTO STUDENTS VALUES('50000115', 'Casandra Robinson', 'MS', 'Department of Management Sciences, City University of Hong Kong', TO_DATE('1984/1/2', 'YYYY/MM/DD'), 'FEMALE');

INSERT INTO STUDENTS VALUES('50000116', 'Erin Schere', 'MS', 'Department of Management Sciences, City University of Hong Kong', TO_DATE('1989/3/18', 'YYYY/MM/DD'), 'FEMALE');

INSERT INTO STUDENTS VALUES('50000117', 'Ervin Owens', 'MS', 'Department of Management Sciences, City University of Hong Kong', TO_DATE('1980/2/22', 'YYYY/MM/DD'), 'MALE');

INSERT INTO STUDENTS VALUES('50000118', 'Freddy Errett', 'MS', 'Department of Management Sciences, City University of Hong Kong', TO_DATE('1980/4/26', 'YYYY/MM/DD'), 'MALE');

INSERT INTO STUDENTS VALUES('50000119', 'Ida Finck', 'MS', 'Department of Management Sciences, City University of Hong Kong', TO_DATE('1983/2/2', 'YYYY/MM/DD'), 'FEMALE');

INSERT INTO STUDENTS VALUES('50000120', 'Isidro Baughman', 'MS', 'Department of Management Sciences, City University of Hong Kong', TO_DATE('1987/8/9', 'YYYY/MM/DD'), 'MALE');

INSERT INTO STUDENTS VALUES('50000121', 'Jamal Guess', 'MS', 'Department of Management Sciences, City University of Hong Kong', TO_DATE('1982/3/4', 'YYYY/MM/DD'), 'MALE');

INSERT INTO STUDENTS VALUES('50000122', 'Johnie Donkin', 'MS', 'Department of Management Sciences, City University of Hong Kong', TO_DATE('1985/8/3', 'YYYY/MM/DD'), 'MALE');

INSERT INTO STUDENTS VALUES('50000123', 'Johnson Style', 'MS', 'Department of Management Sciences, City University of Hong Kong', TO_DATE('1987/2/3', 'YYYY/MM/DD'), 'MALE');

INSERT INTO STUDENTS VALUES('50000124', 'Kareem Ballou', 'MS', 'Department of Management Sciences, City University of Hong Kong', TO_DATE('1989/5/16', 'YYYY/MM/DD'), 'MALE');

INSERT INTO STUDENTS VALUES('50000125', 'Kelsey Johann', 'MS', 'Department of Management Sciences, City University of Hong Kong', TO_DATE('1989/6/14', 'YYYY/MM/DD'), 'FEMALE');

INSERT INTO STUDENTS VALUES('50000126', 'Kelvin Leichter', 'MS', 'Department of Management Sciences, City University of Hong Kong', TO_DATE('1981/4/10', 'YYYY/MM/DD'), 'MALE');

INSERT INTO STUDENTS VALUES('50000127', 'Latashia Bender', 'MS', 'Department of Management Sciences, City University of Hong Kong', TO_DATE('1983/12/7', 'YYYY/MM/DD'), 'FEMALE');

INSERT INTO STUDENTS VALUES('50000128', 'Lynsey Baskett', 'MS', 'Department of Management Sciences, City University of Hong Kong', TO_DATE('1986/11/23', 'YYYY/MM/DD'), 'FEMALE');

INSERT INTO STUDENTS VALUES('50000129', 'Marcel Cypret', 'MS', 'Department of Management Sciences, City University of Hong Kong', TO_DATE('1980/4/16', 'YYYY/MM/DD'), 'MALE');

INSERT INTO STUDENTS VALUES('50000130', 'Mariella Haynes', 'MS', 'Department of Management Sciences, City University of Hong Kong', TO_DATE('1989/2/7', 'YYYY/MM/DD'), 'FEMALE');

INSERT INTO STUDENTS VALUES('50000131', 'Martha Patton', 'MS', 'Department of Management Sciences, City University of Hong Kong', TO_DATE('1981/4/16', 'YYYY/MM/DD'), 'FEMALE');

INSERT INTO STUDENTS VALUES('50000132', 'Monnie Bratton', 'MS', 'Department of Management Sciences, City University of Hong Kong', TO_DATE('1983/12/6', 'YYYY/MM/DD'), 'FEMALE');

INSERT INTO STUDENTS VALUES('50000133', 'Nathaniel Queer', 'MS', 'Department of Management Sciences, City University of Hong Kong', TO_DATE('1985/12/26', 'YYYY/MM/DD'), 'MALE');

INSERT INTO STUDENTS VALUES('50000134', 'Ngan Huston', 'MS', 'Department of Management Sciences, City University of Hong Kong', TO_DATE('1984/4/7', 'YYYY/MM/DD'), 'FEMALE');

INSERT INTO STUDENTS VALUES('50000135', 'Nicolle Cram', 'MS', 'Department of Management Sciences, City University of Hong Kong', TO_DATE('1985/3/9', 'YYYY/MM/DD'), 'FEMALE');

INSERT INTO STUDENTS VALUES('50000136', 'Omer Light', 'MS', 'Department of Management Sciences, City University of Hong Kong', TO_DATE('1989/2/23', 'YYYY/MM/DD'), 'MALE');

INSERT INTO STUDENTS VALUES('50000137', 'Phung Appleby', 'MS', 'Department of Management Sciences, City University of Hong Kong', TO_DATE('1981/9/24', 'YYYY/MM/DD'), 'FEMALE');

INSERT INTO STUDENTS VALUES('50000138', 'Raymon Baer', 'MS', 'Department of Management Sciences, City University of Hong Kong', TO_DATE('1983/3/2', 'YYYY/MM/DD'), 'MALE');

INSERT INTO STUDENTS VALUES('50000139', 'Rosendo Feufer', 'MS', 'Department of Management Sciences, City University of Hong Kong', TO_DATE('1987/3/4', 'YYYY/MM/DD'), 'MALE');

INSERT INTO STUDENTS VALUES('50000140', 'Saul Baxter', 'MS', 'Department of Management Sciences, City University of Hong Kong', TO_DATE('1987/10/20', 'YYYY/MM/DD'), 'MALE');

INSERT INTO STUDENTS VALUES('50000141', 'Sha Rifler', 'MS', 'Department of Management Sciences, City University of Hong Kong', TO_DATE('1981/5/9', 'YYYY/MM/DD'), 'FEMALE');

INSERT INTO STUDENTS VALUES('50000142', 'Shelly Hatch', 'MS', 'Department of Management Sciences, City University of Hong Kong', TO_DATE('1981/6/17', 'YYYY/MM/DD'), 'FEMALE');

INSERT INTO STUDENTS VALUES('50000143', 'Sona Bailey', 'MS', 'Department of Management Sciences, City University of Hong Kong', TO_DATE('1980/1/1', 'YYYY/MM/DD'), 'FEMALE');

INSERT INTO STUDENTS VALUES('50000144', 'Son Warren', 'MS', 'Department of Management Sciences, City University of Hong Kong', TO_DATE('1986/7/13', 'YYYY/MM/DD'), 'MALE');

INSERT INTO STUDENTS VALUES('50000145', 'Terence Johns', 'MS', 'Department of Management Sciences, City University of Hong Kong', TO_DATE('1989/9/8', 'YYYY/MM/DD'), 'MALE');

INSERT INTO STUDENTS VALUES('50000146', 'Tommie Sanborn', 'MS', 'Department of Management Sciences, City University of Hong Kong', TO_DATE('1989/12/7', 'YYYY/MM/DD'), 'MALE');

INSERT INTO STUDENTS VALUES('50000147', 'Valentin Jerome', 'MS', 'Department of Management Sciences, City University of Hong Kong', TO_DATE('1989/1/26', 'YYYY/MM/DD'), 'MALE');

INSERT INTO STUDENTS VALUES('50000148', 'Vicky Nehling', 'MS', 'Department of Management Sciences, City University of Hong Kong', TO_DATE('1982/2/18', 'YYYY/MM/DD'), 'FEMALE');

INSERT INTO STUDENTS VALUES('50000149', 'Al Wilkerson', 'SCM', 'School of Creative Media, City University of Hong Kong', TO_DATE('1983/11/15', 'YYYY/MM/DD'), 'MALE');

INSERT INTO STUDENTS VALUES('50000150', 'Amado Philips', 'SCM', 'School of Creative Media, City University of Hong Kong', TO_DATE('1988/11/6', 'YYYY/MM/DD'), 'MALE');

INSERT INTO STUDENTS VALUES('50000151', 'Beau Wheeler', 'SCM', 'School of Creative Media, City University of Hong Kong', TO_DATE('1984/10/5', 'YYYY/MM/DD'), 'MALE');

INSERT INTO STUDENTS VALUES('50000152', 'Brooke Bullard', 'SCM', 'School of Creative Media, City University of Hong Kong', TO_DATE('1986/9/12', 'YYYY/MM/DD'), 'FEMALE');

INSERT INTO STUDENTS VALUES('50000153', 'Cedrick Poley', 'SCM', 'School of Creative Media, City University of Hong Kong', TO_DATE('1983/3/7', 'YYYY/MM/DD'), 'MALE');

INSERT INTO STUDENTS VALUES('50000154', 'Cherilyn Hatherly', 'SCM', 'School of Creative Media, City University of Hong Kong', TO_DATE('1980/12/24', 'YYYY/MM/DD'), 'FEMALE');

INSERT INTO STUDENTS VALUES('50000155', 'Claud Bunten', 'SCM', 'School of Creative Media, City University of Hong Kong', TO_DATE('1983/2/18', 'YYYY/MM/DD'), 'MALE');

INSERT INTO STUDENTS VALUES('50000156', 'Danita Knopsnider', 'SCM', 'School of Creative Media, City University of Hong Kong', TO_DATE('1980/5/23', 'YYYY/MM/DD'), 'FEMALE');

INSERT INTO STUDENTS VALUES('50000157', 'Darcy Cattley', 'SCM', 'School of Creative Media, City University of Hong Kong', TO_DATE('1984/10/19', 'YYYY/MM/DD'), 'FEMALE');

INSERT INTO STUDENTS VALUES('50000158', 'Dion Blair', 'SCM', 'School of Creative Media, City University of Hong Kong', TO_DATE('1981/1/22', 'YYYY/MM/DD'), 'FEMALE');

INSERT INTO STUDENTS VALUES('50000159', 'Dwain Gregory', 'SCM', 'School of Creative Media, City University of Hong Kong', TO_DATE('1982/3/18', 'YYYY/MM/DD'), 'MALE');

INSERT INTO STUDENTS VALUES('50000160', 'Eboni Gronko', 'SCM', 'School of Creative Media, City University of Hong Kong', TO_DATE('1988/9/16', 'YYYY/MM/DD'), 'FEMALE');

INSERT INTO STUDENTS VALUES('50000161', 'Eldon Gearhart', 'SCM', 'School of Creative Media, City University of Hong Kong', TO_DATE('1983/3/25', 'YYYY/MM/DD'), 'MALE');

INSERT INTO STUDENTS VALUES('50000162', 'Elmo Weldy', 'SCM', 'School of Creative Media, City University of Hong Kong', TO_DATE('1984/8/8', 'YYYY/MM/DD'), 'MALE');

INSERT INTO STUDENTS VALUES('50000163', 'Eufemia Turzanski', 'SCM', 'School of Creative Media, City University of Hong Kong', TO_DATE('1981/6/16', 'YYYY/MM/DD'), 'FEMALE');

INSERT INTO STUDENTS VALUES('50000164', 'Felix Morgan', 'SCM', 'School of Creative Media, City University of Hong Kong', TO_DATE('1989/9/22', 'YYYY/MM/DD'), 'MALE');

INSERT INTO STUDENTS VALUES('50000165', 'Henry Bagley', 'SCM', 'School of Creative Media, City University of Hong Kong', TO_DATE('1981/9/21', 'YYYY/MM/DD'), 'MALE');

INSERT INTO STUDENTS VALUES('50000166', 'Hertha Ironmonger', 'SCM', 'School of Creative Media, City University of Hong Kong', TO_DATE('1983/6/28', 'YYYY/MM/DD'), 'FEMALE');

INSERT INTO STUDENTS VALUES('50000167', 'Hollie Flanders', 'SCM', 'School of Creative Media, City University of Hong Kong', TO_DATE('1987/8/21', 'YYYY/MM/DD'), 'FEMALE');

INSERT INTO STUDENTS VALUES('50000168', 'Jeremy Sybilla', 'SCM', 'School of Creative Media, City University of Hong Kong', TO_DATE('1989/11/25', 'YYYY/MM/DD'), 'MALE');

INSERT INTO STUDENTS VALUES('50000169', 'Jimmie Zaun', 'SCM', 'School of Creative Media, City University of Hong Kong', TO_DATE('1984/9/8', 'YYYY/MM/DD'), 'MALE');

INSERT INTO STUDENTS VALUES('50000170', 'Jocelyn Kemerer', 'SCM', 'School of Creative Media, City University of Hong Kong', TO_DATE('1980/9/9', 'YYYY/MM/DD'), 'FEMALE');

INSERT INTO STUDENTS VALUES('50000171', 'Joesph Wyatt', 'SCM', 'School of Creative Media, City University of Hong Kong', TO_DATE('1988/9/27', 'YYYY/MM/DD'), 'MALE');

INSERT INTO STUDENTS VALUES('50000172', 'Keenan Schaeffer', 'SCM', 'School of Creative Media, City University of Hong Kong', TO_DATE('1983/12/5', 'YYYY/MM/DD'), 'MALE');

INSERT INTO STUDENTS VALUES('50000173', 'Kristi Caldwell', 'SCM', 'School of Creative Media, City University of Hong Kong', TO_DATE('1981/7/27', 'YYYY/MM/DD'), 'FEMALE');

INSERT INTO STUDENTS VALUES('50000174', 'Lenora Mens', 'SCM', 'School of Creative Media, City University of Hong Kong', TO_DATE('1989/9/26', 'YYYY/MM/DD'), 'FEMALE');

INSERT INTO STUDENTS VALUES('50000175', 'Linwood Henderson', 'SCM', 'School of Creative Media, City University of Hong Kong', TO_DATE('1989/8/22', 'YYYY/MM/DD'), 'MALE');

INSERT INTO STUDENTS VALUES('50000176', 'Loan Mcfall', 'SCM', 'School of Creative Media, City University of Hong Kong', TO_DATE('1986/10/18', 'YYYY/MM/DD'), 'FEMALE');

INSERT INTO STUDENTS VALUES('50000177', 'Marianne Fisher', 'SCM', 'School of Creative Media, City University of Hong Kong', TO_DATE('1987/10/22', 'YYYY/MM/DD'), 'FEMALE');

INSERT INTO STUDENTS VALUES('50000178', 'Marlin Wible', 'SCM', 'School of Creative Media, City University of Hong Kong', TO_DATE('1989/2/15', 'YYYY/MM/DD'), 'MALE');

INSERT INTO STUDENTS VALUES('50000179', 'Orlando Marshall', 'SCM', 'School of Creative Media, City University of Hong Kong', TO_DATE('1988/3/16', 'YYYY/MM/DD'), 'MALE');

INSERT INTO STUDENTS VALUES('50000180', 'Patrick Tanner', 'SCM', 'School of Creative Media, City University of Hong Kong', TO_DATE('1980/1/5', 'YYYY/MM/DD'), 'MALE');

INSERT INTO STUDENTS VALUES('50000181', 'Preston Graff', 'SCM', 'School of Creative Media, City University of Hong Kong', TO_DATE('1982/7/20', 'YYYY/MM/DD'), 'MALE');

INSERT INTO STUDENTS VALUES('50000182', 'Reggie Loewentsein', 'SCM', 'School of Creative Media, City University of Hong Kong', TO_DATE('1987/8/20', 'YYYY/MM/DD'), 'MALE');

INSERT INTO STUDENTS VALUES('50000183', 'Retha Feufer', 'SCM', 'School of Creative Media, City University of Hong Kong', TO_DATE('1981/3/8', 'YYYY/MM/DD'), 'FEMALE');

INSERT INTO STUDENTS VALUES('50000184', 'Rocco Friedline', 'SCM', 'School of Creative Media, City University of Hong Kong', TO_DATE('1987/11/26', 'YYYY/MM/DD'), 'MALE');

INSERT INTO STUDENTS VALUES('50000185', 'Ross Wolff', 'SCM', 'School of Creative Media, City University of Hong Kong', TO_DATE('1982/11/7', 'YYYY/MM/DD'), 'MALE');

INSERT INTO STUDENTS VALUES('50000186', 'Rudy Basinger', 'SCM', 'School of Creative Media, City University of Hong Kong', TO_DATE('1983/9/26', 'YYYY/MM/DD'), 'FEMALE');

INSERT INTO STUDENTS VALUES('50000187', 'Santo Children', 'SCM', 'School of Creative Media, City University of Hong Kong', TO_DATE('1986/8/17', 'YYYY/MM/DD'), 'MALE');

INSERT INTO STUDENTS VALUES('50000188', 'Stanton Lauffer', 'SCM', 'School of Creative Media, City University of Hong Kong', TO_DATE('1982/2/2', 'YYYY/MM/DD'), 'MALE');

INSERT INTO STUDENTS VALUES('50000189', 'Susan Parrish', 'SCM', 'School of Creative Media, City University of Hong Kong', TO_DATE('1980/4/14', 'YYYY/MM/DD'), 'FEMALE');

INSERT INTO STUDENTS VALUES('50000190', 'Sydney Nicholas', 'SCM', 'School of Creative Media, City University of Hong Kong', TO_DATE('1982/9/1', 'YYYY/MM/DD'), 'MALE');

INSERT INTO STUDENTS VALUES('50000191', 'Synthia Kistler', 'SCM', 'School of Creative Media, City University of Hong Kong', TO_DATE('1983/11/11', 'YYYY/MM/DD'), 'FEMALE');

INSERT INTO STUDENTS VALUES('50000192', 'Theron Blair', 'SCM', 'School of Creative Media, City University of Hong Kong', TO_DATE('1986/11/26', 'YYYY/MM/DD'), 'MALE');

INSERT INTO STUDENTS VALUES('50000193', 'Tobie Baum', 'SCM', 'School of Creative Media, City University of Hong Kong', TO_DATE('1986/12/7', 'YYYY/MM/DD'), 'FEMALE');

INSERT INTO STUDENTS VALUES('50000194', 'Valene Sullivan', 'SCM', 'School of Creative Media, City University of Hong Kong', TO_DATE('1982/8/4', 'YYYY/MM/DD'), 'FEMALE');

INSERT INTO STUDENTS VALUES('50000195', 'Valentine Whishaw', 'SCM', 'School of Creative Media, City University of Hong Kong', TO_DATE('1986/2/4', 'YYYY/MM/DD'), 'FEMALE');

INSERT INTO STUDENTS VALUES('50000196', 'Vaughn Finlay', 'SCM', 'School of Creative Media, City University of Hong Kong', TO_DATE('1986/9/18', 'YYYY/MM/DD'), 'MALE');

INSERT INTO STUDENTS VALUES('50000197', 'Warren Rosenstiehl', 'SCM', 'School of Creative Media, City University of Hong Kong', TO_DATE('1986/8/6', 'YYYY/MM/DD'), 'MALE');

INSERT INTO STUDENTS VALUES('50000198', 'Willard Weeks', 'SCM', 'School of Creative Media, City University of Hong Kong', TO_DATE('1989/3/7', 'YYYY/MM/DD'), 'MALE');

INSERT INTO STUDENTS VALUES('50000199', 'Winfred Dunkle', 'SCM', 'School of Creative Media, City University of Hong Kong', TO_DATE('1981/3/13', 'YYYY/MM/DD'), 'MALE');

INSERT INTO STUDENTS VALUES('50000200', 'Yung Franks', 'SCM', 'School of Creative Media, City University of Hong Kong', TO_DATE('1985/7/19', 'YYYY/MM/DD'), 'FEMALE');

INSERT INTO ENROLLMENT VALUES('50000051', 'CS2172', TO_DATE('2007/1/28', 'YYYY/MM/DD'), 65);

INSERT INTO ENROLLMENT VALUES('50000091', 'CS2172', TO_DATE('2007/4/11', 'YYYY/MM/DD'), 74);

INSERT INTO ENROLLMENT VALUES('50000022', 'CS2172', TO_DATE('2007/3/5', 'YYYY/MM/DD'), 98);

INSERT INTO ENROLLMENT VALUES('50000120', 'CS2172', TO_DATE('2007/2/6', 'YYYY/MM/DD'), 80);

INSERT INTO ENROLLMENT VALUES('50000194', 'CS2172', TO_DATE('2007/1/3', 'YYYY/MM/DD'), 83);

INSERT INTO ENROLLMENT VALUES('50000188', 'CS2172', TO_DATE('2007/2/16', 'YYYY/MM/DD'), 77);

INSERT INTO ENROLLMENT VALUES('50000074', 'CS2172', TO_DATE('2007/1/8', 'YYYY/MM/DD'), 68);

INSERT INTO ENROLLMENT VALUES('50000152', 'CS2172', TO_DATE('2007/4/14', 'YYYY/MM/DD'), 67);

INSERT INTO ENROLLMENT VALUES('50000018', 'CS2172', TO_DATE('2007/4/7', 'YYYY/MM/DD'), 95);

INSERT INTO ENROLLMENT VALUES('50000107', 'CS2172', TO_DATE('2007/1/13', 'YYYY/MM/DD'), 64);

INSERT INTO ENROLLMENT VALUES('50000002', 'CS2172', TO_DATE('2007/2/11', 'YYYY/MM/DD'), 98);

INSERT INTO ENROLLMENT VALUES('50000068', 'CS2172', TO_DATE('2007/2/22', 'YYYY/MM/DD'), 83);

INSERT INTO ENROLLMENT VALUES('50000044', 'CS2172', TO_DATE('2007/1/27', 'YYYY/MM/DD'), 91);

INSERT INTO ENROLLMENT VALUES('50000034', 'CS2172', TO_DATE('2007/1/8', 'YYYY/MM/DD'), 79);

INSERT INTO ENROLLMENT VALUES('50000104', 'CS2172', TO_DATE('2007/3/27', 'YYYY/MM/DD'), 62);

INSERT INTO ENROLLMENT VALUES('50000001', 'CS2172', TO_DATE('2007/3/8', 'YYYY/MM/DD'), 58);

INSERT INTO ENROLLMENT VALUES('50000125', 'CS2172', TO_DATE('2007/1/28', 'YYYY/MM/DD'), 77);

INSERT INTO ENROLLMENT VALUES('50000099', 'CS2172', TO_DATE('2007/4/14', 'YYYY/MM/DD'), 55);

INSERT INTO ENROLLMENT VALUES('50000182', 'CS2172', TO_DATE('2007/3/4', 'YYYY/MM/DD'), 71);

INSERT INTO ENROLLMENT VALUES('50000189', 'CS2172', TO_DATE('2007/1/6', 'YYYY/MM/DD'), 100);

INSERT INTO ENROLLMENT VALUES('50000038', 'CS2172', TO_DATE('2007/3/7', 'YYYY/MM/DD'), 68);

INSERT INTO ENROLLMENT VALUES('50000133', 'CS2172', TO_DATE('2007/4/2', 'YYYY/MM/DD'), 82);

INSERT INTO ENROLLMENT VALUES('50000085', 'CS2172', TO_DATE('2007/4/17', 'YYYY/MM/DD'), 91);

INSERT INTO ENROLLMENT VALUES('50000080', 'CS2172', TO_DATE('2007/2/3', 'YYYY/MM/DD'), 51);

INSERT INTO ENROLLMENT VALUES('50000008', 'CS2172', TO_DATE('2007/3/26', 'YYYY/MM/DD'), 94);

INSERT INTO ENROLLMENT VALUES('50000032', 'CS2172', TO_DATE('2007/3/5', 'YYYY/MM/DD'), 50);

INSERT INTO ENROLLMENT VALUES('50000146', 'CS2172', TO_DATE('2007/4/8', 'YYYY/MM/DD'), 74);

INSERT INTO ENROLLMENT VALUES('50000190', 'CS2172', TO_DATE('2007/3/1', 'YYYY/MM/DD'), 94);

INSERT INTO ENROLLMENT VALUES('50000110', 'CS2172', TO_DATE('2007/1/15', 'YYYY/MM/DD'), 81);

INSERT INTO ENROLLMENT VALUES('50000148', 'CS2172', TO_DATE('2007/1/26', 'YYYY/MM/DD'), 72);

INSERT INTO ENROLLMENT VALUES('50000081', 'CS2172', TO_DATE('2007/1/1', 'YYYY/MM/DD'), 96);

INSERT INTO ENROLLMENT VALUES('50000035', 'CS2172', TO_DATE('2007/4/21', 'YYYY/MM/DD'), 89);

INSERT INTO ENROLLMENT VALUES('50000064', 'CS2172', TO_DATE('2007/3/5', 'YYYY/MM/DD'), 63);

INSERT INTO ENROLLMENT VALUES('50000059', 'CS2172', TO_DATE('2007/1/25', 'YYYY/MM/DD'), 87);

INSERT INTO ENROLLMENT VALUES('50000169', 'CS2172', TO_DATE('2007/1/27', 'YYYY/MM/DD'), 59);

INSERT INTO ENROLLMENT VALUES('50000111', 'CS2172', TO_DATE('2007/3/17', 'YYYY/MM/DD'), 84);

INSERT INTO ENROLLMENT VALUES('50000098', 'CS2172', TO_DATE('2007/3/23', 'YYYY/MM/DD'), 72);

INSERT INTO ENROLLMENT VALUES('50000124', 'CS2172', TO_DATE('2007/4/13', 'YYYY/MM/DD'), 65);

INSERT INTO ENROLLMENT VALUES('50000127', 'CS2172', TO_DATE('2007/4/22', 'YYYY/MM/DD'), 85);

INSERT INTO ENROLLMENT VALUES('50000095', 'CS2172', TO_DATE('2007/3/21', 'YYYY/MM/DD'), 92);

INSERT INTO ENROLLMENT VALUES('50000019', 'CS2172', TO_DATE('2007/2/14', 'YYYY/MM/DD'), 71);

INSERT INTO ENROLLMENT VALUES('50000090', 'CS2172', TO_DATE('2007/2/5', 'YYYY/MM/DD'), 95);

INSERT INTO ENROLLMENT VALUES('50000143', 'CS2172', TO_DATE('2007/3/7', 'YYYY/MM/DD'), 71);

INSERT INTO ENROLLMENT VALUES('50000145', 'CS2172', TO_DATE('2007/3/24', 'YYYY/MM/DD'), 92);

INSERT INTO ENROLLMENT VALUES('50000084', 'CS2172', TO_DATE('2007/2/12', 'YYYY/MM/DD'), 70);

INSERT INTO ENROLLMENT VALUES('50000003', 'CS2172', TO_DATE('2007/3/5', 'YYYY/MM/DD'), 60);

INSERT INTO ENROLLMENT VALUES('50000115', 'CS2172', TO_DATE('2007/1/14', 'YYYY/MM/DD'), 73);

INSERT INTO ENROLLMENT VALUES('50000123', 'CS2172', TO_DATE('2007/4/24', 'YYYY/MM/DD'), 97);

INSERT INTO ENROLLMENT VALUES('50000026', 'CS2172', TO_DATE('2007/1/24', 'YYYY/MM/DD'), 81);

INSERT INTO ENROLLMENT VALUES('50000140', 'CS2172', TO_DATE('2007/2/8', 'YYYY/MM/DD'), 57);

INSERT INTO ENROLLMENT VALUES('50000096', 'CS2172', TO_DATE('2007/3/28', 'YYYY/MM/DD'), 65);

INSERT INTO ENROLLMENT VALUES('50000187', 'CS2172', TO_DATE('2007/1/3', 'YYYY/MM/DD'), 77);

INSERT INTO ENROLLMENT VALUES('50000185', 'CS2172', TO_DATE('2007/3/20', 'YYYY/MM/DD'), 71);

INSERT INTO ENROLLMENT VALUES('50000186', 'CS2172', TO_DATE('2007/4/21', 'YYYY/MM/DD'), 74);

INSERT INTO ENROLLMENT VALUES('50000196', 'CS2172', TO_DATE('2007/1/12', 'YYYY/MM/DD'), 75);

INSERT INTO ENROLLMENT VALUES('50000082', 'CS2172', TO_DATE('2007/2/19', 'YYYY/MM/DD'), 94);

INSERT INTO ENROLLMENT VALUES('50000050', 'CS2172', TO_DATE('2007/2/20', 'YYYY/MM/DD'), 92);

INSERT INTO ENROLLMENT VALUES('50000159', 'CS2172', TO_DATE('2007/3/2', 'YYYY/MM/DD'), 79);

INSERT INTO ENROLLMENT VALUES('50000198', 'CS2172', TO_DATE('2007/1/20', 'YYYY/MM/DD'), 89);

INSERT INTO ENROLLMENT VALUES('50000168', 'CS2172', TO_DATE('2007/2/6', 'YYYY/MM/DD'), 58);

INSERT INTO ENROLLMENT VALUES('50000153', 'CS2172', TO_DATE('2007/4/15', 'YYYY/MM/DD'), 85);

INSERT INTO ENROLLMENT VALUES('50000041', 'CS2172', TO_DATE('2007/1/13', 'YYYY/MM/DD'), 98);

INSERT INTO ENROLLMENT VALUES('50000029', 'CS2172', TO_DATE('2007/3/26', 'YYYY/MM/DD'), 90);

INSERT INTO ENROLLMENT VALUES('50000134', 'CS2172', TO_DATE('2007/2/7', 'YYYY/MM/DD'), 73);

INSERT INTO ENROLLMENT VALUES('50000165', 'CS2172', TO_DATE('2007/4/28', 'YYYY/MM/DD'), 90);

INSERT INTO ENROLLMENT VALUES('50000062', 'CS2172', TO_DATE('2007/2/27', 'YYYY/MM/DD'), 67);

INSERT INTO ENROLLMENT VALUES('50000089', 'CS2172', TO_DATE('2007/4/4', 'YYYY/MM/DD'), 96);

INSERT INTO ENROLLMENT VALUES('50000053', 'CS2172', TO_DATE('2007/1/5', 'YYYY/MM/DD'), 85);

INSERT INTO ENROLLMENT VALUES('50000066', 'CS2332', TO_DATE('2007/1/8', 'YYYY/MM/DD'), 88);

INSERT INTO ENROLLMENT VALUES('50000164', 'CS2332', TO_DATE('2007/3/20', 'YYYY/MM/DD'), 92);

INSERT INTO ENROLLMENT VALUES('50000098', 'CS2332', TO_DATE('2007/2/28', 'YYYY/MM/DD'), 83);

INSERT INTO ENROLLMENT VALUES('50000158', 'CS2332', TO_DATE('2007/2/1', 'YYYY/MM/DD'), 95);

INSERT INTO ENROLLMENT VALUES('50000105', 'CS2332', TO_DATE('2007/2/4', 'YYYY/MM/DD'), 92);

INSERT INTO ENROLLMENT VALUES('50000019', 'CS2332', TO_DATE('2007/2/21', 'YYYY/MM/DD'), 92);

INSERT INTO ENROLLMENT VALUES('50000109', 'CS2332', TO_DATE('2007/2/7', 'YYYY/MM/DD'), 100);

INSERT INTO ENROLLMENT VALUES('50000050', 'CS2332', TO_DATE('2007/2/23', 'YYYY/MM/DD'), 99);

INSERT INTO ENROLLMENT VALUES('50000001', 'CS2332', TO_DATE('2007/3/13', 'YYYY/MM/DD'), 77);

INSERT INTO ENROLLMENT VALUES('50000200', 'CS2332', TO_DATE('2007/2/23', 'YYYY/MM/DD'), 95);

INSERT INTO ENROLLMENT VALUES('50000049', 'CS2332', TO_DATE('2007/3/12', 'YYYY/MM/DD'), 50);

INSERT INTO ENROLLMENT VALUES('50000182', 'CS2332', TO_DATE('2007/1/13', 'YYYY/MM/DD'), 57);

INSERT INTO ENROLLMENT VALUES('50000169', 'CS2332', TO_DATE('2007/3/26', 'YYYY/MM/DD'), 57);

INSERT INTO ENROLLMENT VALUES('50000102', 'CS2332', TO_DATE('2007/3/1', 'YYYY/MM/DD'), 81);

INSERT INTO ENROLLMENT VALUES('50000016', 'CS2332', TO_DATE('2007/1/4', 'YYYY/MM/DD'), 74);

INSERT INTO ENROLLMENT VALUES('50000059', 'CS2332', TO_DATE('2007/3/8', 'YYYY/MM/DD'), 77);

INSERT INTO ENROLLMENT VALUES('50000068', 'CS2332', TO_DATE('2007/3/22', 'YYYY/MM/DD'), 55);

INSERT INTO ENROLLMENT VALUES('50000045', 'CS2332', TO_DATE('2007/1/28', 'YYYY/MM/DD'), 51);

INSERT INTO ENROLLMENT VALUES('50000162', 'CS2332', TO_DATE('2007/1/26', 'YYYY/MM/DD'), 74);

INSERT INTO ENROLLMENT VALUES('50000196', 'CS2332', TO_DATE('2007/4/12', 'YYYY/MM/DD'), 76);

INSERT INTO ENROLLMENT VALUES('50000026', 'CS2332', TO_DATE('2007/4/28', 'YYYY/MM/DD'), 84);

INSERT INTO ENROLLMENT VALUES('50000081', 'CS2332', TO_DATE('2007/2/3', 'YYYY/MM/DD'), 93);

INSERT INTO ENROLLMENT VALUES('50000179', 'CS2332', TO_DATE('2007/4/10', 'YYYY/MM/DD'), 70);

INSERT INTO ENROLLMENT VALUES('50000197', 'CS2332', TO_DATE('2007/2/14', 'YYYY/MM/DD'), 85);

INSERT INTO ENROLLMENT VALUES('50000112', 'CS2332', TO_DATE('2007/2/5', 'YYYY/MM/DD'), 64);

INSERT INTO ENROLLMENT VALUES('50000167', 'CS2332', TO_DATE('2007/2/13', 'YYYY/MM/DD'), 62);

INSERT INTO ENROLLMENT VALUES('50000035', 'CS2332', TO_DATE('2007/2/20', 'YYYY/MM/DD'), 64);

INSERT INTO ENROLLMENT VALUES('50000083', 'CS2332', TO_DATE('2007/2/17', 'YYYY/MM/DD'), 80);

INSERT INTO ENROLLMENT VALUES('50000072', 'CS2332', TO_DATE('2007/4/23', 'YYYY/MM/DD'), 90);

INSERT INTO ENROLLMENT VALUES('50000174', 'CS2332', TO_DATE('2007/4/9', 'YYYY/MM/DD'), 94);

INSERT INTO ENROLLMENT VALUES('50000074', 'CS2332', TO_DATE('2007/4/10', 'YYYY/MM/DD'), 67);

INSERT INTO ENROLLMENT VALUES('50000022', 'CS2332', TO_DATE('2007/4/23', 'YYYY/MM/DD'), 54);

INSERT INTO ENROLLMENT VALUES('50000106', 'CS2332', TO_DATE('2007/4/13', 'YYYY/MM/DD'), 92);

INSERT INTO ENROLLMENT VALUES('50000192', 'CS2332', TO_DATE('2007/1/19', 'YYYY/MM/DD'), 82);

INSERT INTO ENROLLMENT VALUES('50000042', 'CS2332', TO_DATE('2007/2/12', 'YYYY/MM/DD'), 73);

INSERT INTO ENROLLMENT VALUES('50000124', 'CS2332', TO_DATE('2007/2/7', 'YYYY/MM/DD'), 75);

INSERT INTO ENROLLMENT VALUES('50000125', 'CS2332', TO_DATE('2007/1/24', 'YYYY/MM/DD'), 99);

INSERT INTO ENROLLMENT VALUES('50000023', 'CS2332', TO_DATE('2007/3/8', 'YYYY/MM/DD'), 96);

INSERT INTO ENROLLMENT VALUES('50000012', 'CS2332', TO_DATE('2007/2/4', 'YYYY/MM/DD'), 67);

INSERT INTO ENROLLMENT VALUES('50000177', 'CS2332', TO_DATE('2007/1/5', 'YYYY/MM/DD'), 86);

INSERT INTO ENROLLMENT VALUES('50000186', 'CS2332', TO_DATE('2007/1/28', 'YYYY/MM/DD'), 100);

INSERT INTO ENROLLMENT VALUES('50000152', 'CS2332', TO_DATE('2007/1/4', 'YYYY/MM/DD'), 84);

INSERT INTO ENROLLMENT VALUES('50000099', 'CS2332', TO_DATE('2007/1/16', 'YYYY/MM/DD'), 63);

INSERT INTO ENROLLMENT VALUES('50000092', 'CS2332', TO_DATE('2007/1/28', 'YYYY/MM/DD'), 82);

INSERT INTO ENROLLMENT VALUES('50000024', 'CS2332', TO_DATE('2007/4/8', 'YYYY/MM/DD'), 85);

INSERT INTO ENROLLMENT VALUES('50000078', 'CS2332', TO_DATE('2007/1/9', 'YYYY/MM/DD'), 77);

INSERT INTO ENROLLMENT VALUES('50000064', 'CS2332', TO_DATE('2007/4/25', 'YYYY/MM/DD'), 97);

INSERT INTO ENROLLMENT VALUES('50000111', 'CS2332', TO_DATE('2007/1/21', 'YYYY/MM/DD'), 57);

INSERT INTO ENROLLMENT VALUES('50000120', 'CS2332', TO_DATE('2007/3/22', 'YYYY/MM/DD'), 100);

INSERT INTO ENROLLMENT VALUES('50000134', 'CS2332', TO_DATE('2007/1/5', 'YYYY/MM/DD'), 84);

INSERT INTO ENROLLMENT VALUES('50000015', 'CS2332', TO_DATE('2007/1/7', 'YYYY/MM/DD'), 53);

INSERT INTO ENROLLMENT VALUES('50000153', 'CS2332', TO_DATE('2007/1/19', 'YYYY/MM/DD'), 78);

INSERT INTO ENROLLMENT VALUES('50000005', 'CS2332', TO_DATE('2007/3/5', 'YYYY/MM/DD'), 88);

INSERT INTO ENROLLMENT VALUES('50000002', 'CS2332', TO_DATE('2007/1/27', 'YYYY/MM/DD'), 51);

INSERT INTO ENROLLMENT VALUES('50000060', 'CS2332', TO_DATE('2007/3/8', 'YYYY/MM/DD'), 56);

INSERT INTO ENROLLMENT VALUES('50000033', 'CS2332', TO_DATE('2007/3/24', 'YYYY/MM/DD'), 93);

INSERT INTO ENROLLMENT VALUES('50000043', 'CS2332', TO_DATE('2007/1/23', 'YYYY/MM/DD'), 54);

INSERT INTO ENROLLMENT VALUES('50000006', 'CS2332', TO_DATE('2007/4/3', 'YYYY/MM/DD'), 60);

INSERT INTO ENROLLMENT VALUES('50000055', 'CS2332', TO_DATE('2007/1/12', 'YYYY/MM/DD'), 93);

INSERT INTO ENROLLMENT VALUES('50000054', 'CS2332', TO_DATE('2007/1/26', 'YYYY/MM/DD'), 90);

INSERT INTO ENROLLMENT VALUES('50000176', 'CS2332', TO_DATE('2007/2/5', 'YYYY/MM/DD'), 52);

INSERT INTO ENROLLMENT VALUES('50000149', 'CS2332', TO_DATE('2007/4/9', 'YYYY/MM/DD'), 87);

INSERT INTO ENROLLMENT VALUES('50000159', 'CS2332', TO_DATE('2007/2/17', 'YYYY/MM/DD'), 86);

INSERT INTO ENROLLMENT VALUES('50000087', 'CS2332', TO_DATE('2007/1/18', 'YYYY/MM/DD'), 80);

INSERT INTO ENROLLMENT VALUES('50000075', 'CS2332', TO_DATE('2007/3/26', 'YYYY/MM/DD'), 57);

INSERT INTO ENROLLMENT VALUES('50000037', 'CS2332', TO_DATE('2007/4/25', 'YYYY/MM/DD'), 91);

INSERT INTO ENROLLMENT VALUES('50000140', 'CS2332', TO_DATE('2007/4/2', 'YYYY/MM/DD'), 52);

INSERT INTO ENROLLMENT VALUES('50000151', 'CS2332', TO_DATE('2007/3/19', 'YYYY/MM/DD'), 65);

INSERT INTO ENROLLMENT VALUES('50000177', 'CS2468', TO_DATE('2007/3/21', 'YYYY/MM/DD'), 88);

INSERT INTO ENROLLMENT VALUES('50000129', 'CS2468', TO_DATE('2007/3/8', 'YYYY/MM/DD'), 53);

INSERT INTO ENROLLMENT VALUES('50000106', 'CS2468', TO_DATE('2007/4/27', 'YYYY/MM/DD'), 65);

INSERT INTO ENROLLMENT VALUES('50000159', 'CS2468', TO_DATE('2007/2/23', 'YYYY/MM/DD'), 63);

INSERT INTO ENROLLMENT VALUES('50000160', 'CS2468', TO_DATE('2007/1/4', 'YYYY/MM/DD'), 58);

INSERT INTO ENROLLMENT VALUES('50000026', 'CS2468', TO_DATE('2007/3/14', 'YYYY/MM/DD'), 54);

INSERT INTO ENROLLMENT VALUES('50000036', 'CS2468', TO_DATE('2007/4/23', 'YYYY/MM/DD'), 63);

INSERT INTO ENROLLMENT VALUES('50000013', 'CS2468', TO_DATE('2007/4/25', 'YYYY/MM/DD'), 65);

INSERT INTO ENROLLMENT VALUES('50000054', 'CS2468', TO_DATE('2007/4/3', 'YYYY/MM/DD'), 94);

INSERT INTO ENROLLMENT VALUES('50000027', 'CS2468', TO_DATE('2007/2/2', 'YYYY/MM/DD'), 58);

INSERT INTO ENROLLMENT VALUES('50000071', 'CS2468', TO_DATE('2007/3/17', 'YYYY/MM/DD'), 91);

INSERT INTO ENROLLMENT VALUES('50000068', 'CS2468', TO_DATE('2007/1/18', 'YYYY/MM/DD'), 80);

INSERT INTO ENROLLMENT VALUES('50000122', 'CS2468', TO_DATE('2007/3/3', 'YYYY/MM/DD'), 99);

INSERT INTO ENROLLMENT VALUES('50000197', 'CS2468', TO_DATE('2007/1/22', 'YYYY/MM/DD'), 94);

INSERT INTO ENROLLMENT VALUES('50000062', 'CS2468', TO_DATE('2007/4/11', 'YYYY/MM/DD'), 92);

INSERT INTO ENROLLMENT VALUES('50000137', 'CS2468', TO_DATE('2007/2/15', 'YYYY/MM/DD'), 87);

INSERT INTO ENROLLMENT VALUES('50000143', 'CS2468', TO_DATE('2007/3/3', 'YYYY/MM/DD'), 84);

INSERT INTO ENROLLMENT VALUES('50000127', 'CS2468', TO_DATE('2007/4/3', 'YYYY/MM/DD'), 100);

INSERT INTO ENROLLMENT VALUES('50000051', 'CS2468', TO_DATE('2007/1/6', 'YYYY/MM/DD'), 89);

INSERT INTO ENROLLMENT VALUES('50000069', 'CS2468', TO_DATE('2007/3/4', 'YYYY/MM/DD'), 93);

INSERT INTO ENROLLMENT VALUES('50000141', 'CS2468', TO_DATE('2007/1/21', 'YYYY/MM/DD'), 56);

INSERT INTO ENROLLMENT VALUES('50000132', 'CS2468', TO_DATE('2007/1/28', 'YYYY/MM/DD'), 98);

INSERT INTO ENROLLMENT VALUES('50000015', 'CS2468', TO_DATE('2007/2/27', 'YYYY/MM/DD'), 54);

INSERT INTO ENROLLMENT VALUES('50000149', 'CS2468', TO_DATE('2007/3/2', 'YYYY/MM/DD'), 63);

INSERT INTO ENROLLMENT VALUES('50000128', 'CS2468', TO_DATE('2007/2/11', 'YYYY/MM/DD'), 55);

INSERT INTO ENROLLMENT VALUES('50000098', 'CS2468', TO_DATE('2007/4/23', 'YYYY/MM/DD'), 65);

INSERT INTO ENROLLMENT VALUES('50000060', 'CS2468', TO_DATE('2007/4/24', 'YYYY/MM/DD'), 71);

INSERT INTO ENROLLMENT VALUES('50000195', 'CS2468', TO_DATE('2007/2/21', 'YYYY/MM/DD'), 60);

INSERT INTO ENROLLMENT VALUES('50000008', 'CS2468', TO_DATE('2007/2/22', 'YYYY/MM/DD'), 74);

INSERT INTO ENROLLMENT VALUES('50000182', 'CS2468', TO_DATE('2007/2/10', 'YYYY/MM/DD'), 93);

INSERT INTO ENROLLMENT VALUES('50000075', 'CS2468', TO_DATE('2007/4/17', 'YYYY/MM/DD'), 77);

INSERT INTO ENROLLMENT VALUES('50000017', 'CS2468', TO_DATE('2007/4/10', 'YYYY/MM/DD'), 88);

INSERT INTO ENROLLMENT VALUES('50000154', 'CS2468', TO_DATE('2007/2/2', 'YYYY/MM/DD'), 86);

INSERT INTO ENROLLMENT VALUES('50000079', 'CS2468', TO_DATE('2007/4/24', 'YYYY/MM/DD'), 85);

INSERT INTO ENROLLMENT VALUES('50000179', 'CS2468', TO_DATE('2007/2/12', 'YYYY/MM/DD'), 72);

INSERT INTO ENROLLMENT VALUES('50000117', 'CS2468', TO_DATE('2007/2/13', 'YYYY/MM/DD'), 92);

INSERT INTO ENROLLMENT VALUES('50000010', 'CS2468', TO_DATE('2007/3/25', 'YYYY/MM/DD'), 97);

INSERT INTO ENROLLMENT VALUES('50000156', 'CS2468', TO_DATE('2007/2/26', 'YYYY/MM/DD'), 77);

INSERT INTO ENROLLMENT VALUES('50000050', 'CS2468', TO_DATE('2007/2/28', 'YYYY/MM/DD'), 59);

INSERT INTO ENROLLMENT VALUES('50000045', 'CS2468', TO_DATE('2007/3/26', 'YYYY/MM/DD'), 59);

INSERT INTO ENROLLMENT VALUES('50000063', 'CS2468', TO_DATE('2007/1/19', 'YYYY/MM/DD'), 89);

INSERT INTO ENROLLMENT VALUES('50000165', 'CS2468', TO_DATE('2007/4/8', 'YYYY/MM/DD'), 71);

INSERT INTO ENROLLMENT VALUES('50000169', 'CS2468', TO_DATE('2007/4/13', 'YYYY/MM/DD'), 55);

INSERT INTO ENROLLMENT VALUES('50000092', 'CS2468', TO_DATE('2007/2/23', 'YYYY/MM/DD'), 91);

INSERT INTO ENROLLMENT VALUES('50000163', 'CS2468', TO_DATE('2007/3/12', 'YYYY/MM/DD'), 96);

INSERT INTO ENROLLMENT VALUES('50000066', 'CS2468', TO_DATE('2007/3/13', 'YYYY/MM/DD'), 57);

INSERT INTO ENROLLMENT VALUES('50000056', 'CS2468', TO_DATE('2007/1/11', 'YYYY/MM/DD'), 78);

INSERT INTO ENROLLMENT VALUES('50000157', 'CS2468', TO_DATE('2007/1/19', 'YYYY/MM/DD'), 53);

INSERT INTO ENROLLMENT VALUES('50000191', 'CS2468', TO_DATE('2007/3/24', 'YYYY/MM/DD'), 53);

INSERT INTO ENROLLMENT VALUES('50000126', 'CS2468', TO_DATE('2007/2/15', 'YYYY/MM/DD'), 89);

INSERT INTO ENROLLMENT VALUES('50000171', 'CS2468', TO_DATE('2007/4/12', 'YYYY/MM/DD'), 90);

INSERT INTO ENROLLMENT VALUES('50000124', 'CS2468', TO_DATE('2007/1/7', 'YYYY/MM/DD'), 61);

INSERT INTO ENROLLMENT VALUES('50000035', 'CS2468', TO_DATE('2007/2/14', 'YYYY/MM/DD'), 89);

INSERT INTO ENROLLMENT VALUES('50000190', 'CS2468', TO_DATE('2007/2/15', 'YYYY/MM/DD'), 80);

INSERT INTO ENROLLMENT VALUES('50000146', 'CS2468', TO_DATE('2007/2/23', 'YYYY/MM/DD'), 53);

INSERT INTO ENROLLMENT VALUES('50000083', 'CS2468', TO_DATE('2007/2/3', 'YYYY/MM/DD'), 63);

INSERT INTO ENROLLMENT VALUES('50000004', 'CS2468', TO_DATE('2007/4/10', 'YYYY/MM/DD'), 66);

INSERT INTO ENROLLMENT VALUES('50000172', 'CS2468', TO_DATE('2007/3/7', 'YYYY/MM/DD'), 72);

INSERT INTO ENROLLMENT VALUES('50000084', 'CS2468', TO_DATE('2007/4/5', 'YYYY/MM/DD'), 74);

INSERT INTO ENROLLMENT VALUES('50000108', 'CS2468', TO_DATE('2007/3/19', 'YYYY/MM/DD'), 100);

INSERT INTO ENROLLMENT VALUES('50000011', 'CS2468', TO_DATE('2007/1/18', 'YYYY/MM/DD'), 78);

INSERT INTO ENROLLMENT VALUES('50000183', 'CS2468', TO_DATE('2007/1/2', 'YYYY/MM/DD'), 90);

INSERT INTO ENROLLMENT VALUES('50000018', 'CS2468', TO_DATE('2007/3/1', 'YYYY/MM/DD'), 94);

INSERT INTO ENROLLMENT VALUES('50000173', 'CS2468', TO_DATE('2007/3/3', 'YYYY/MM/DD'), 63);

INSERT INTO ENROLLMENT VALUES('50000041', 'CS3103', TO_DATE('2007/2/5', 'YYYY/MM/DD'), 67);

INSERT INTO ENROLLMENT VALUES('50000160', 'CS3103', TO_DATE('2007/1/19', 'YYYY/MM/DD'), 78);

INSERT INTO ENROLLMENT VALUES('50000143', 'CS3103', TO_DATE('2007/4/11', 'YYYY/MM/DD'), 52);

INSERT INTO ENROLLMENT VALUES('50000020', 'CS3103', TO_DATE('2007/3/9', 'YYYY/MM/DD'), 78);

INSERT INTO ENROLLMENT VALUES('50000196', 'CS3103', TO_DATE('2007/3/25', 'YYYY/MM/DD'), 92);

INSERT INTO ENROLLMENT VALUES('50000137', 'CS3103', TO_DATE('2007/1/17', 'YYYY/MM/DD'), 52);

INSERT INTO ENROLLMENT VALUES('50000198', 'CS3103', TO_DATE('2007/3/3', 'YYYY/MM/DD'), 94);

INSERT INTO ENROLLMENT VALUES('50000145', 'CS3103', TO_DATE('2007/2/9', 'YYYY/MM/DD'), 77);

INSERT INTO ENROLLMENT VALUES('50000135', 'CS3103', TO_DATE('2007/4/9', 'YYYY/MM/DD'), 74);

INSERT INTO ENROLLMENT VALUES('50000087', 'CS3103', TO_DATE('2007/4/8', 'YYYY/MM/DD'), 55);

INSERT INTO ENROLLMENT VALUES('50000113', 'CS3103', TO_DATE('2007/2/18', 'YYYY/MM/DD'), 79);

INSERT INTO ENROLLMENT VALUES('50000115', 'CS3103', TO_DATE('2007/1/22', 'YYYY/MM/DD'), 69);

INSERT INTO ENROLLMENT VALUES('50000091', 'CS3103', TO_DATE('2007/1/17', 'YYYY/MM/DD'), 64);

INSERT INTO ENROLLMENT VALUES('50000193', 'CS3103', TO_DATE('2007/2/7', 'YYYY/MM/DD'), 92);

INSERT INTO ENROLLMENT VALUES('50000035', 'CS3103', TO_DATE('2007/4/24', 'YYYY/MM/DD'), 95);

INSERT INTO ENROLLMENT VALUES('50000039', 'CS3103', TO_DATE('2007/1/5', 'YYYY/MM/DD'), 90);

INSERT INTO ENROLLMENT VALUES('50000085', 'CS3103', TO_DATE('2007/1/1', 'YYYY/MM/DD'), 85);

INSERT INTO ENROLLMENT VALUES('50000140', 'CS3103', TO_DATE('2007/3/11', 'YYYY/MM/DD'), 57);

INSERT INTO ENROLLMENT VALUES('50000079', 'CS3103', TO_DATE('2007/2/20', 'YYYY/MM/DD'), 91);

INSERT INTO ENROLLMENT VALUES('50000121', 'CS3103', TO_DATE('2007/3/18', 'YYYY/MM/DD'), 69);

INSERT INTO ENROLLMENT VALUES('50000071', 'CS3103', TO_DATE('2007/1/25', 'YYYY/MM/DD'), 62);

INSERT INTO ENROLLMENT VALUES('50000053', 'CS3103', TO_DATE('2007/4/13', 'YYYY/MM/DD'), 59);

INSERT INTO ENROLLMENT VALUES('50000025', 'CS3103', TO_DATE('2007/1/1', 'YYYY/MM/DD'), 96);

INSERT INTO ENROLLMENT VALUES('50000128', 'CS3103', TO_DATE('2007/4/9', 'YYYY/MM/DD'), 74);

INSERT INTO ENROLLMENT VALUES('50000055', 'CS3103', TO_DATE('2007/1/19', 'YYYY/MM/DD'), 55);

INSERT INTO ENROLLMENT VALUES('50000195', 'CS3103', TO_DATE('2007/3/20', 'YYYY/MM/DD'), 62);

INSERT INTO ENROLLMENT VALUES('50000105', 'CS3103', TO_DATE('2007/2/10', 'YYYY/MM/DD'), 92);

INSERT INTO ENROLLMENT VALUES('50000045', 'CS3103', TO_DATE('2007/3/21', 'YYYY/MM/DD'), 97);

INSERT INTO ENROLLMENT VALUES('50000179', 'CS3103', TO_DATE('2007/2/1', 'YYYY/MM/DD'), 69);

INSERT INTO ENROLLMENT VALUES('50000186', 'CS3103', TO_DATE('2007/4/9', 'YYYY/MM/DD'), 51);

INSERT INTO ENROLLMENT VALUES('50000015', 'CS3103', TO_DATE('2007/1/18', 'YYYY/MM/DD'), 70);

INSERT INTO ENROLLMENT VALUES('50000064', 'CS3103', TO_DATE('2007/4/10', 'YYYY/MM/DD'), 56);

INSERT INTO ENROLLMENT VALUES('50000058', 'CS3103', TO_DATE('2007/2/14', 'YYYY/MM/DD'), 58);

INSERT INTO ENROLLMENT VALUES('50000106', 'CS3103', TO_DATE('2007/3/8', 'YYYY/MM/DD'), 53);

INSERT INTO ENROLLMENT VALUES('50000158', 'CS3103', TO_DATE('2007/2/18', 'YYYY/MM/DD'), 88);

INSERT INTO ENROLLMENT VALUES('50000052', 'CS3103', TO_DATE('2007/1/15', 'YYYY/MM/DD'), 68);

INSERT INTO ENROLLMENT VALUES('50000078', 'CS3103', TO_DATE('2007/2/3', 'YYYY/MM/DD'), 91);

INSERT INTO ENROLLMENT VALUES('50000077', 'CS3103', TO_DATE('2007/2/19', 'YYYY/MM/DD'), 82);

INSERT INTO ENROLLMENT VALUES('50000063', 'CS3103', TO_DATE('2007/1/3', 'YYYY/MM/DD'), 79);

INSERT INTO ENROLLMENT VALUES('50000154', 'CS3103', TO_DATE('2007/2/11', 'YYYY/MM/DD'), 98);

INSERT INTO ENROLLMENT VALUES('50000103', 'CS3103', TO_DATE('2007/1/24', 'YYYY/MM/DD'), 52);

INSERT INTO ENROLLMENT VALUES('50000017', 'CS3103', TO_DATE('2007/1/9', 'YYYY/MM/DD'), 66);

INSERT INTO ENROLLMENT VALUES('50000072', 'CS3103', TO_DATE('2007/1/8', 'YYYY/MM/DD'), 99);

INSERT INTO ENROLLMENT VALUES('50000047', 'CS3103', TO_DATE('2007/2/25', 'YYYY/MM/DD'), 71);

INSERT INTO ENROLLMENT VALUES('50000093', 'CS3103', TO_DATE('2007/2/21', 'YYYY/MM/DD'), 86);

INSERT INTO ENROLLMENT VALUES('50000172', 'CS3103', TO_DATE('2007/2/28', 'YYYY/MM/DD'), 65);

INSERT INTO ENROLLMENT VALUES('50000101', 'CS3103', TO_DATE('2007/1/16', 'YYYY/MM/DD'), 58);

INSERT INTO ENROLLMENT VALUES('50000021', 'CS3103', TO_DATE('2007/2/19', 'YYYY/MM/DD'), 66);

INSERT INTO ENROLLMENT VALUES('50000153', 'CS3103', TO_DATE('2007/2/2', 'YYYY/MM/DD'), 88);

INSERT INTO ENROLLMENT VALUES('50000097', 'CS3103', TO_DATE('2007/4/5', 'YYYY/MM/DD'), 74);

INSERT INTO ENROLLMENT VALUES('50000148', 'CS3103', TO_DATE('2007/1/27', 'YYYY/MM/DD'), 72);

INSERT INTO ENROLLMENT VALUES('50000068', 'CS3103', TO_DATE('2007/2/5', 'YYYY/MM/DD'), 58);

INSERT INTO ENROLLMENT VALUES('50000104', 'CS3103', TO_DATE('2007/4/28', 'YYYY/MM/DD'), 99);

INSERT INTO ENROLLMENT VALUES('50000029', 'CS3103', TO_DATE('2007/4/16', 'YYYY/MM/DD'), 67);

INSERT INTO ENROLLMENT VALUES('50000036', 'CS3103', TO_DATE('2007/1/26', 'YYYY/MM/DD'), 69);

INSERT INTO ENROLLMENT VALUES('50000062', 'CS3103', TO_DATE('2007/4/26', 'YYYY/MM/DD'), 81);

INSERT INTO ENROLLMENT VALUES('50000129', 'CS3103', TO_DATE('2007/2/6', 'YYYY/MM/DD'), 68);

INSERT INTO ENROLLMENT VALUES('50000006', 'CS3103', TO_DATE('2007/3/9', 'YYYY/MM/DD'), 62);

INSERT INTO ENROLLMENT VALUES('50000094', 'CS3103', TO_DATE('2007/2/22', 'YYYY/MM/DD'), 94);

INSERT INTO ENROLLMENT VALUES('50000037', 'CS3103', TO_DATE('2007/1/25', 'YYYY/MM/DD'), 61);

INSERT INTO ENROLLMENT VALUES('50000147', 'CS3103', TO_DATE('2007/1/27', 'YYYY/MM/DD'), 51);

INSERT INTO ENROLLMENT VALUES('50000043', 'CS3103', TO_DATE('2007/1/20', 'YYYY/MM/DD'), 79);

INSERT INTO ENROLLMENT VALUES('50000188', 'CS3103', TO_DATE('2007/3/23', 'YYYY/MM/DD'), 54);

INSERT INTO ENROLLMENT VALUES('50000141', 'CS3103', TO_DATE('2007/3/14', 'YYYY/MM/DD'), 94);

INSERT INTO ENROLLMENT VALUES('50000126', 'CS3103', TO_DATE('2007/4/3', 'YYYY/MM/DD'), 66);

INSERT INTO ENROLLMENT VALUES('50000144', 'CS3103', TO_DATE('2007/2/22', 'YYYY/MM/DD'), 62);

INSERT INTO ENROLLMENT VALUES('50000060', 'CS3103', TO_DATE('2007/2/15', 'YYYY/MM/DD'), 74);

INSERT INTO ENROLLMENT VALUES('50000034', 'CS3103', TO_DATE('2007/3/13', 'YYYY/MM/DD'), 78);

INSERT INTO ENROLLMENT VALUES('50000199', 'CS3103', TO_DATE('2007/2/26', 'YYYY/MM/DD'), 92);

INSERT INTO ENROLLMENT VALUES('50000080', 'CS3103', TO_DATE('2007/2/9', 'YYYY/MM/DD'), 71);

INSERT INTO ENROLLMENT VALUES('50000092', 'CS3103', TO_DATE('2007/3/13', 'YYYY/MM/DD'), 64);

INSERT INTO ENROLLMENT VALUES('50000194', 'CS3103', TO_DATE('2007/1/25', 'YYYY/MM/DD'), 83);

INSERT INTO ENROLLMENT VALUES('50000096', 'CS3161', TO_DATE('2007/4/14', 'YYYY/MM/DD'), 97);

INSERT INTO ENROLLMENT VALUES('50000111', 'CS3161', TO_DATE('2007/1/28', 'YYYY/MM/DD'), 62);

INSERT INTO ENROLLMENT VALUES('50000018', 'CS3161', TO_DATE('2007/4/5', 'YYYY/MM/DD'), 88);

INSERT INTO ENROLLMENT VALUES('50000072', 'CS3161', TO_DATE('2007/4/8', 'YYYY/MM/DD'), 87);

INSERT INTO ENROLLMENT VALUES('50000008', 'CS3161', TO_DATE('2007/1/28', 'YYYY/MM/DD'), 64);

INSERT INTO ENROLLMENT VALUES('50000024', 'CS3161', TO_DATE('2007/4/8', 'YYYY/MM/DD'), 85);

INSERT INTO ENROLLMENT VALUES('50000029', 'CS3161', TO_DATE('2007/3/10', 'YYYY/MM/DD'), 82);

INSERT INTO ENROLLMENT VALUES('50000066', 'CS3161', TO_DATE('2007/1/19', 'YYYY/MM/DD'), 85);

INSERT INTO ENROLLMENT VALUES('50000054', 'CS3161', TO_DATE('2007/3/19', 'YYYY/MM/DD'), 62);

INSERT INTO ENROLLMENT VALUES('50000107', 'CS3161', TO_DATE('2007/4/19', 'YYYY/MM/DD'), 66);

INSERT INTO ENROLLMENT VALUES('50000175', 'CS3161', TO_DATE('2007/2/20', 'YYYY/MM/DD'), 99);

INSERT INTO ENROLLMENT VALUES('50000196', 'CS3161', TO_DATE('2007/3/3', 'YYYY/MM/DD'), 100);

INSERT INTO ENROLLMENT VALUES('50000099', 'CS3161', TO_DATE('2007/1/7', 'YYYY/MM/DD'), 93);

INSERT INTO ENROLLMENT VALUES('50000177', 'CS3161', TO_DATE('2007/1/13', 'YYYY/MM/DD'), 61);

INSERT INTO ENROLLMENT VALUES('50000069', 'CS3161', TO_DATE('2007/2/20', 'YYYY/MM/DD'), 86);

INSERT INTO ENROLLMENT VALUES('50000046', 'CS3161', TO_DATE('2007/1/8', 'YYYY/MM/DD'), 78);

INSERT INTO ENROLLMENT VALUES('50000084', 'CS3161', TO_DATE('2007/4/5', 'YYYY/MM/DD'), 85);

INSERT INTO ENROLLMENT VALUES('50000016', 'CS3161', TO_DATE('2007/2/1', 'YYYY/MM/DD'), 96);

INSERT INTO ENROLLMENT VALUES('50000019', 'CS3161', TO_DATE('2007/1/25', 'YYYY/MM/DD'), 51);

INSERT INTO ENROLLMENT VALUES('50000192', 'CS3161', TO_DATE('2007/2/22', 'YYYY/MM/DD'), 87);

INSERT INTO ENROLLMENT VALUES('50000082', 'CS3161', TO_DATE('2007/3/25', 'YYYY/MM/DD'), 76);

INSERT INTO ENROLLMENT VALUES('50000182', 'CS3161', TO_DATE('2007/1/6', 'YYYY/MM/DD'), 92);

INSERT INTO ENROLLMENT VALUES('50000168', 'CS3161', TO_DATE('2007/2/23', 'YYYY/MM/DD'), 52);

INSERT INTO ENROLLMENT VALUES('50000017', 'CS3161', TO_DATE('2007/1/19', 'YYYY/MM/DD'), 90);

INSERT INTO ENROLLMENT VALUES('50000034', 'CS3161', TO_DATE('2007/3/19', 'YYYY/MM/DD'), 60);

INSERT INTO ENROLLMENT VALUES('50000163', 'CS3161', TO_DATE('2007/1/10', 'YYYY/MM/DD'), 71);

INSERT INTO ENROLLMENT VALUES('50000053', 'CS3161', TO_DATE('2007/4/2', 'YYYY/MM/DD'), 53);

INSERT INTO ENROLLMENT VALUES('50000064', 'CS3161', TO_DATE('2007/3/26', 'YYYY/MM/DD'), 52);

INSERT INTO ENROLLMENT VALUES('50000167', 'CS3161', TO_DATE('2007/1/4', 'YYYY/MM/DD'), 51);

INSERT INTO ENROLLMENT VALUES('50000126', 'CS3161', TO_DATE('2007/2/20', 'YYYY/MM/DD'), 87);

INSERT INTO ENROLLMENT VALUES('50000056', 'CS3161', TO_DATE('2007/1/22', 'YYYY/MM/DD'), 70);

INSERT INTO ENROLLMENT VALUES('50000052', 'CS3161', TO_DATE('2007/3/15', 'YYYY/MM/DD'), 89);

INSERT INTO ENROLLMENT VALUES('50000031', 'CS3161', TO_DATE('2007/4/7', 'YYYY/MM/DD'), 82);

INSERT INTO ENROLLMENT VALUES('50000112', 'CS3161', TO_DATE('2007/4/3', 'YYYY/MM/DD'), 75);

INSERT INTO ENROLLMENT VALUES('50000089', 'CS3161', TO_DATE('2007/3/12', 'YYYY/MM/DD'), 62);

INSERT INTO ENROLLMENT VALUES('50000187', 'CS3161', TO_DATE('2007/2/11', 'YYYY/MM/DD'), 64);

INSERT INTO ENROLLMENT VALUES('50000164', 'CS3161', TO_DATE('2007/1/4', 'YYYY/MM/DD'), 84);

INSERT INTO ENROLLMENT VALUES('50000075', 'CS3161', TO_DATE('2007/1/8', 'YYYY/MM/DD'), 90);

INSERT INTO ENROLLMENT VALUES('50000044', 'CS3161', TO_DATE('2007/1/23', 'YYYY/MM/DD'), 87);

INSERT INTO ENROLLMENT VALUES('50000014', 'CS3161', TO_DATE('2007/3/16', 'YYYY/MM/DD'), 60);

INSERT INTO ENROLLMENT VALUES('50000027', 'CS3161', TO_DATE('2007/3/10', 'YYYY/MM/DD'), 90);

INSERT INTO ENROLLMENT VALUES('50000144', 'CS3161', TO_DATE('2007/4/16', 'YYYY/MM/DD'), 76);

INSERT INTO ENROLLMENT VALUES('50000001', 'CS3161', TO_DATE('2007/2/4', 'YYYY/MM/DD'), 62);

INSERT INTO ENROLLMENT VALUES('50000143', 'CS3161', TO_DATE('2007/2/9', 'YYYY/MM/DD'), 77);

INSERT INTO ENROLLMENT VALUES('50000090', 'CS3161', TO_DATE('2007/4/3', 'YYYY/MM/DD'), 79);

INSERT INTO ENROLLMENT VALUES('50000102', 'CS3161', TO_DATE('2007/4/3', 'YYYY/MM/DD'), 87);

INSERT INTO ENROLLMENT VALUES('50000142', 'CS3161', TO_DATE('2007/1/7', 'YYYY/MM/DD'), 62);

INSERT INTO ENROLLMENT VALUES('50000041', 'CS3161', TO_DATE('2007/3/16', 'YYYY/MM/DD'), 54);

INSERT INTO ENROLLMENT VALUES('50000138', 'CS3161', TO_DATE('2007/4/14', 'YYYY/MM/DD'), 80);

INSERT INTO ENROLLMENT VALUES('50000178', 'CS3161', TO_DATE('2007/2/4', 'YYYY/MM/DD'), 58);

INSERT INTO ENROLLMENT VALUES('50000156', 'CS3161', TO_DATE('2007/1/22', 'YYYY/MM/DD'), 98);

INSERT INTO ENROLLMENT VALUES('50000108', 'CS3161', TO_DATE('2007/3/26', 'YYYY/MM/DD'), 84);

INSERT INTO ENROLLMENT VALUES('50000095', 'CS3161', TO_DATE('2007/4/10', 'YYYY/MM/DD'), 75);

INSERT INTO ENROLLMENT VALUES('50000122', 'CS3161', TO_DATE('2007/3/7', 'YYYY/MM/DD'), 86);

INSERT INTO ENROLLMENT VALUES('50000100', 'CS3161', TO_DATE('2007/2/19', 'YYYY/MM/DD'), 60);

INSERT INTO ENROLLMENT VALUES('50000180', 'CS3161', TO_DATE('2007/3/11', 'YYYY/MM/DD'), 57);

INSERT INTO ENROLLMENT VALUES('50000170', 'CS3161', TO_DATE('2007/2/9', 'YYYY/MM/DD'), 99);

INSERT INTO ENROLLMENT VALUES('50000074', 'CS3161', TO_DATE('2007/4/6', 'YYYY/MM/DD'), 98);

INSERT INTO ENROLLMENT VALUES('50000007', 'CS3161', TO_DATE('2007/1/28', 'YYYY/MM/DD'), 81);

INSERT INTO ENROLLMENT VALUES('50000189', 'CS3161', TO_DATE('2007/1/27', 'YYYY/MM/DD'), 79);

INSERT INTO ENROLLMENT VALUES('50000120', 'CS3161', TO_DATE('2007/3/6', 'YYYY/MM/DD'), 75);

INSERT INTO ENROLLMENT VALUES('50000198', 'CS3161', TO_DATE('2007/2/20', 'YYYY/MM/DD'), 83);

INSERT INTO ENROLLMENT VALUES('50000125', 'CS3161', TO_DATE('2007/2/24', 'YYYY/MM/DD'), 100);

INSERT INTO ENROLLMENT VALUES('50000194', 'CS3161', TO_DATE('2007/1/13', 'YYYY/MM/DD'), 86);

INSERT INTO ENROLLMENT VALUES('50000132', 'CS3161', TO_DATE('2007/1/10', 'YYYY/MM/DD'), 93);

INSERT INTO ENROLLMENT VALUES('50000049', 'CS3161', TO_DATE('2007/3/2', 'YYYY/MM/DD'), 85);

INSERT INTO ENROLLMENT VALUES('50000107', 'CS3184', TO_DATE('2007/2/3', 'YYYY/MM/DD'), 55);

INSERT INTO ENROLLMENT VALUES('50000066', 'CS3184', TO_DATE('2007/3/23', 'YYYY/MM/DD'), 79);

INSERT INTO ENROLLMENT VALUES('50000175', 'CS3184', TO_DATE('2007/2/15', 'YYYY/MM/DD'), 58);

INSERT INTO ENROLLMENT VALUES('50000112', 'CS3184', TO_DATE('2007/1/11', 'YYYY/MM/DD'), 68);

INSERT INTO ENROLLMENT VALUES('50000047', 'CS3184', TO_DATE('2007/2/13', 'YYYY/MM/DD'), 65);

INSERT INTO ENROLLMENT VALUES('50000105', 'CS3184', TO_DATE('2007/1/11', 'YYYY/MM/DD'), 67);

INSERT INTO ENROLLMENT VALUES('50000045', 'CS3184', TO_DATE('2007/2/17', 'YYYY/MM/DD'), 97);

INSERT INTO ENROLLMENT VALUES('50000123', 'CS3184', TO_DATE('2007/2/13', 'YYYY/MM/DD'), 53);

INSERT INTO ENROLLMENT VALUES('50000075', 'CS3184', TO_DATE('2007/1/6', 'YYYY/MM/DD'), 96);

INSERT INTO ENROLLMENT VALUES('50000093', 'CS3184', TO_DATE('2007/3/18', 'YYYY/MM/DD'), 98);

INSERT INTO ENROLLMENT VALUES('50000061', 'CS3184', TO_DATE('2007/2/24', 'YYYY/MM/DD'), 76);

INSERT INTO ENROLLMENT VALUES('50000042', 'CS3184', TO_DATE('2007/1/6', 'YYYY/MM/DD'), 64);

INSERT INTO ENROLLMENT VALUES('50000155', 'CS3184', TO_DATE('2007/4/3', 'YYYY/MM/DD'), 76);

INSERT INTO ENROLLMENT VALUES('50000126', 'CS3184', TO_DATE('2007/1/19', 'YYYY/MM/DD'), 62);

INSERT INTO ENROLLMENT VALUES('50000113', 'CS3184', TO_DATE('2007/1/10', 'YYYY/MM/DD'), 100);

INSERT INTO ENROLLMENT VALUES('50000079', 'CS3184', TO_DATE('2007/3/16', 'YYYY/MM/DD'), 53);

INSERT INTO ENROLLMENT VALUES('50000165', 'CS3184', TO_DATE('2007/1/9', 'YYYY/MM/DD'), 89);

INSERT INTO ENROLLMENT VALUES('50000089', 'CS3184', TO_DATE('2007/3/17', 'YYYY/MM/DD'), 60);

INSERT INTO ENROLLMENT VALUES('50000011', 'CS3184', TO_DATE('2007/2/9', 'YYYY/MM/DD'), 79);

INSERT INTO ENROLLMENT VALUES('50000128', 'CS3184', TO_DATE('2007/2/16', 'YYYY/MM/DD'), 64);

INSERT INTO ENROLLMENT VALUES('50000023', 'CS3184', TO_DATE('2007/2/9', 'YYYY/MM/DD'), 79);

INSERT INTO ENROLLMENT VALUES('50000117', 'CS3184', TO_DATE('2007/3/13', 'YYYY/MM/DD'), 50);

INSERT INTO ENROLLMENT VALUES('50000136', 'CS3184', TO_DATE('2007/1/24', 'YYYY/MM/DD'), 65);

INSERT INTO ENROLLMENT VALUES('50000048', 'CS3184', TO_DATE('2007/3/16', 'YYYY/MM/DD'), 54);

INSERT INTO ENROLLMENT VALUES('50000052', 'CS3184', TO_DATE('2007/1/14', 'YYYY/MM/DD'), 80);

INSERT INTO ENROLLMENT VALUES('50000116', 'CS3184', TO_DATE('2007/2/11', 'YYYY/MM/DD'), 93);

INSERT INTO ENROLLMENT VALUES('50000100', 'CS3184', TO_DATE('2007/2/5', 'YYYY/MM/DD'), 62);

INSERT INTO ENROLLMENT VALUES('50000125', 'CS3184', TO_DATE('2007/4/15', 'YYYY/MM/DD'), 71);

INSERT INTO ENROLLMENT VALUES('50000096', 'CS3184', TO_DATE('2007/3/5', 'YYYY/MM/DD'), 71);

INSERT INTO ENROLLMENT VALUES('50000035', 'CS3184', TO_DATE('2007/1/28', 'YYYY/MM/DD'), 90);

INSERT INTO ENROLLMENT VALUES('50000044', 'CS3184', TO_DATE('2007/3/4', 'YYYY/MM/DD'), 97);

INSERT INTO ENROLLMENT VALUES('50000033', 'CS3184', TO_DATE('2007/3/4', 'YYYY/MM/DD'), 60);

INSERT INTO ENROLLMENT VALUES('50000036', 'CS3184', TO_DATE('2007/1/24', 'YYYY/MM/DD'), 92);

INSERT INTO ENROLLMENT VALUES('50000138', 'CS3184', TO_DATE('2007/4/15', 'YYYY/MM/DD'), 70);

INSERT INTO ENROLLMENT VALUES('50000140', 'CS3184', TO_DATE('2007/2/12', 'YYYY/MM/DD'), 78);

INSERT INTO ENROLLMENT VALUES('50000012', 'CS3184', TO_DATE('2007/1/7', 'YYYY/MM/DD'), 72);

INSERT INTO ENROLLMENT VALUES('50000164', 'CS3184', TO_DATE('2007/3/5', 'YYYY/MM/DD'), 94);

INSERT INTO ENROLLMENT VALUES('50000142', 'CS3184', TO_DATE('2007/3/20', 'YYYY/MM/DD'), 72);

INSERT INTO ENROLLMENT VALUES('50000184', 'CS3184', TO_DATE('2007/2/6', 'YYYY/MM/DD'), 66);

INSERT INTO ENROLLMENT VALUES('50000160', 'CS3184', TO_DATE('2007/2/15', 'YYYY/MM/DD'), 58);

INSERT INTO ENROLLMENT VALUES('50000055', 'CS3184', TO_DATE('2007/3/22', 'YYYY/MM/DD'), 97);

INSERT INTO ENROLLMENT VALUES('50000181', 'CS3184', TO_DATE('2007/1/7', 'YYYY/MM/DD'), 86);

INSERT INTO ENROLLMENT VALUES('50000010', 'CS3184', TO_DATE('2007/3/8', 'YYYY/MM/DD'), 83);

INSERT INTO ENROLLMENT VALUES('50000071', 'CS3184', TO_DATE('2007/2/6', 'YYYY/MM/DD'), 87);

INSERT INTO ENROLLMENT VALUES('50000043', 'CS3184', TO_DATE('2007/4/14', 'YYYY/MM/DD'), 78);

INSERT INTO ENROLLMENT VALUES('50000091', 'CS3184', TO_DATE('2007/2/2', 'YYYY/MM/DD'), 77);

INSERT INTO ENROLLMENT VALUES('50000183', 'CS3184', TO_DATE('2007/4/26', 'YYYY/MM/DD'), 76);

INSERT INTO ENROLLMENT VALUES('50000199', 'CS3184', TO_DATE('2007/4/22', 'YYYY/MM/DD'), 92);

INSERT INTO ENROLLMENT VALUES('50000095', 'CS3184', TO_DATE('2007/4/7', 'YYYY/MM/DD'), 85);

INSERT INTO ENROLLMENT VALUES('50000185', 'CS3184', TO_DATE('2007/1/8', 'YYYY/MM/DD'), 74);

INSERT INTO ENROLLMENT VALUES('50000169', 'CS3184', TO_DATE('2007/4/17', 'YYYY/MM/DD'), 66);

INSERT INTO ENROLLMENT VALUES('50000109', 'CS3184', TO_DATE('2007/4/3', 'YYYY/MM/DD'), 74);

INSERT INTO ENROLLMENT VALUES('50000104', 'CS3184', TO_DATE('2007/1/14', 'YYYY/MM/DD'), 92);

INSERT INTO ENROLLMENT VALUES('50000114', 'CS3184', TO_DATE('2007/2/23', 'YYYY/MM/DD'), 51);

INSERT INTO ENROLLMENT VALUES('50000001', 'CS3184', TO_DATE('2007/3/7', 'YYYY/MM/DD'), 63);

INSERT INTO ENROLLMENT VALUES('50000073', 'CS3184', TO_DATE('2007/1/8', 'YYYY/MM/DD'), 99);

INSERT INTO ENROLLMENT VALUES('50000196', 'CS3184', TO_DATE('2007/4/17', 'YYYY/MM/DD'), 71);

INSERT INTO ENROLLMENT VALUES('50000139', 'CS3184', TO_DATE('2007/2/1', 'YYYY/MM/DD'), 60);

INSERT INTO ENROLLMENT VALUES('50000110', 'CS3184', TO_DATE('2007/4/26', 'YYYY/MM/DD'), 82);

INSERT INTO ENROLLMENT VALUES('50000003', 'CS3184', TO_DATE('2007/1/27', 'YYYY/MM/DD'), 81);

INSERT INTO ENROLLMENT VALUES('50000031', 'CS3184', TO_DATE('2007/3/6', 'YYYY/MM/DD'), 99);

INSERT INTO ENROLLMENT VALUES('50000099', 'CS3184', TO_DATE('2007/4/17', 'YYYY/MM/DD'), 96);

INSERT INTO ENROLLMENT VALUES('50000146', 'CS3184', TO_DATE('2007/4/27', 'YYYY/MM/DD'), 60);

INSERT INTO ENROLLMENT VALUES('50000085', 'CS3184', TO_DATE('2007/2/6', 'YYYY/MM/DD'), 86);

INSERT INTO ENROLLMENT VALUES('50000124', 'CS3278', TO_DATE('2007/2/21', 'YYYY/MM/DD'), 55);

INSERT INTO ENROLLMENT VALUES('50000159', 'CS3278', TO_DATE('2007/2/7', 'YYYY/MM/DD'), 84);

INSERT INTO ENROLLMENT VALUES('50000035', 'CS3278', TO_DATE('2007/4/15', 'YYYY/MM/DD'), 56);

INSERT INTO ENROLLMENT VALUES('50000199', 'CS3278', TO_DATE('2007/2/7', 'YYYY/MM/DD'), 83);

INSERT INTO ENROLLMENT VALUES('50000012', 'CS3278', TO_DATE('2007/1/26', 'YYYY/MM/DD'), 88);

INSERT INTO ENROLLMENT VALUES('50000134', 'CS3278', TO_DATE('2007/3/20', 'YYYY/MM/DD'), 57);

INSERT INTO ENROLLMENT VALUES('50000075', 'CS3278', TO_DATE('2007/4/15', 'YYYY/MM/DD'), 79);

INSERT INTO ENROLLMENT VALUES('50000119', 'CS3278', TO_DATE('2007/3/13', 'YYYY/MM/DD'), 90);

INSERT INTO ENROLLMENT VALUES('50000099', 'CS3278', TO_DATE('2007/1/12', 'YYYY/MM/DD'), 64);

INSERT INTO ENROLLMENT VALUES('50000102', 'CS3278', TO_DATE('2007/1/18', 'YYYY/MM/DD'), 65);

INSERT INTO ENROLLMENT VALUES('50000160', 'CS3278', TO_DATE('2007/4/24', 'YYYY/MM/DD'), 68);

INSERT INTO ENROLLMENT VALUES('50000058', 'CS3278', TO_DATE('2007/2/3', 'YYYY/MM/DD'), 81);

INSERT INTO ENROLLMENT VALUES('50000163', 'CS3278', TO_DATE('2007/2/25', 'YYYY/MM/DD'), 65);

INSERT INTO ENROLLMENT VALUES('50000121', 'CS3278', TO_DATE('2007/3/19', 'YYYY/MM/DD'), 78);

INSERT INTO ENROLLMENT VALUES('50000180', 'CS3278', TO_DATE('2007/2/4', 'YYYY/MM/DD'), 54);

INSERT INTO ENROLLMENT VALUES('50000034', 'CS3278', TO_DATE('2007/1/25', 'YYYY/MM/DD'), 96);

INSERT INTO ENROLLMENT VALUES('50000026', 'CS3278', TO_DATE('2007/1/13', 'YYYY/MM/DD'), 88);

INSERT INTO ENROLLMENT VALUES('50000087', 'CS3278', TO_DATE('2007/1/9', 'YYYY/MM/DD'), 76);

INSERT INTO ENROLLMENT VALUES('50000140', 'CS3278', TO_DATE('2007/1/24', 'YYYY/MM/DD'), 61);

INSERT INTO ENROLLMENT VALUES('50000131', 'CS3278', TO_DATE('2007/2/14', 'YYYY/MM/DD'), 62);

INSERT INTO ENROLLMENT VALUES('50000188', 'CS3278', TO_DATE('2007/2/26', 'YYYY/MM/DD'), 76);

INSERT INTO ENROLLMENT VALUES('50000181', 'CS3278', TO_DATE('2007/1/14', 'YYYY/MM/DD'), 83);

INSERT INTO ENROLLMENT VALUES('50000065', 'CS3278', TO_DATE('2007/3/15', 'YYYY/MM/DD'), 53);

INSERT INTO ENROLLMENT VALUES('50000122', 'CS3278', TO_DATE('2007/1/6', 'YYYY/MM/DD'), 69);

INSERT INTO ENROLLMENT VALUES('50000014', 'CS3278', TO_DATE('2007/2/20', 'YYYY/MM/DD'), 97);

INSERT INTO ENROLLMENT VALUES('50000151', 'CS3278', TO_DATE('2007/2/12', 'YYYY/MM/DD'), 81);

INSERT INTO ENROLLMENT VALUES('50000038', 'CS3278', TO_DATE('2007/3/10', 'YYYY/MM/DD'), 90);

INSERT INTO ENROLLMENT VALUES('50000158', 'CS3278', TO_DATE('2007/2/23', 'YYYY/MM/DD'), 54);

INSERT INTO ENROLLMENT VALUES('50000085', 'CS3278', TO_DATE('2007/4/12', 'YYYY/MM/DD'), 99);

INSERT INTO ENROLLMENT VALUES('50000185', 'CS3278', TO_DATE('2007/2/23', 'YYYY/MM/DD'), 51);

INSERT INTO ENROLLMENT VALUES('50000059', 'CS3278', TO_DATE('2007/3/12', 'YYYY/MM/DD'), 97);

INSERT INTO ENROLLMENT VALUES('50000043', 'CS3278', TO_DATE('2007/3/9', 'YYYY/MM/DD'), 69);

INSERT INTO ENROLLMENT VALUES('50000109', 'CS3278', TO_DATE('2007/3/21', 'YYYY/MM/DD'), 84);

INSERT INTO ENROLLMENT VALUES('50000054', 'CS3278', TO_DATE('2007/3/7', 'YYYY/MM/DD'), 80);

INSERT INTO ENROLLMENT VALUES('50000063', 'CS3278', TO_DATE('2007/2/26', 'YYYY/MM/DD'), 81);

INSERT INTO ENROLLMENT VALUES('50000132', 'CS3278', TO_DATE('2007/2/21', 'YYYY/MM/DD'), 59);

INSERT INTO ENROLLMENT VALUES('50000112', 'CS3278', TO_DATE('2007/3/28', 'YYYY/MM/DD'), 91);

INSERT INTO ENROLLMENT VALUES('50000052', 'CS3278', TO_DATE('2007/4/6', 'YYYY/MM/DD'), 89);

INSERT INTO ENROLLMENT VALUES('50000070', 'CS3278', TO_DATE('2007/3/26', 'YYYY/MM/DD'), 93);

INSERT INTO ENROLLMENT VALUES('50000040', 'CS3278', TO_DATE('2007/2/25', 'YYYY/MM/DD'), 87);

INSERT INTO ENROLLMENT VALUES('50000049', 'CS3278', TO_DATE('2007/1/1', 'YYYY/MM/DD'), 56);

INSERT INTO ENROLLMENT VALUES('50000171', 'CS3278', TO_DATE('2007/4/15', 'YYYY/MM/DD'), 92);

INSERT INTO ENROLLMENT VALUES('50000095', 'CS3278', TO_DATE('2007/4/16', 'YYYY/MM/DD'), 67);

INSERT INTO ENROLLMENT VALUES('50000092', 'CS3278', TO_DATE('2007/1/7', 'YYYY/MM/DD'), 97);

INSERT INTO ENROLLMENT VALUES('50000090', 'CS3278', TO_DATE('2007/1/19', 'YYYY/MM/DD'), 80);

INSERT INTO ENROLLMENT VALUES('50000104', 'CS3278', TO_DATE('2007/4/6', 'YYYY/MM/DD'), 72);

INSERT INTO ENROLLMENT VALUES('50000197', 'CS3278', TO_DATE('2007/4/5', 'YYYY/MM/DD'), 79);

INSERT INTO ENROLLMENT VALUES('50000110', 'CS3278', TO_DATE('2007/3/28', 'YYYY/MM/DD'), 72);

INSERT INTO ENROLLMENT VALUES('50000195', 'CS3278', TO_DATE('2007/4/4', 'YYYY/MM/DD'), 92);

INSERT INTO ENROLLMENT VALUES('50000193', 'CS3278', TO_DATE('2007/3/24', 'YYYY/MM/DD'), 51);

INSERT INTO ENROLLMENT VALUES('50000042', 'CS3278', TO_DATE('2007/4/12', 'YYYY/MM/DD'), 79);

INSERT INTO ENROLLMENT VALUES('50000127', 'CS3278', TO_DATE('2007/4/10', 'YYYY/MM/DD'), 97);

INSERT INTO ENROLLMENT VALUES('50000098', 'CS3278', TO_DATE('2007/3/4', 'YYYY/MM/DD'), 66);

INSERT INTO ENROLLMENT VALUES('50000196', 'CS3278', TO_DATE('2007/4/22', 'YYYY/MM/DD'), 64);

INSERT INTO ENROLLMENT VALUES('50000033', 'CS3278', TO_DATE('2007/3/17', 'YYYY/MM/DD'), 77);

INSERT INTO ENROLLMENT VALUES('50000108', 'CS3278', TO_DATE('2007/1/10', 'YYYY/MM/DD'), 78);

INSERT INTO ENROLLMENT VALUES('50000057', 'CS3278', TO_DATE('2007/1/10', 'YYYY/MM/DD'), 61);

INSERT INTO ENROLLMENT VALUES('50000044', 'CS3278', TO_DATE('2007/1/24', 'YYYY/MM/DD'), 81);

INSERT INTO ENROLLMENT VALUES('50000024', 'CS3278', TO_DATE('2007/1/1', 'YYYY/MM/DD'), 56);

INSERT INTO ENROLLMENT VALUES('50000045', 'CS3278', TO_DATE('2007/2/1', 'YYYY/MM/DD'), 86);

INSERT INTO ENROLLMENT VALUES('50000164', 'CS3278', TO_DATE('2007/3/3', 'YYYY/MM/DD'), 78);

INSERT INTO ENROLLMENT VALUES('50000165', 'CS3278', TO_DATE('2007/4/13', 'YYYY/MM/DD'), 99);

INSERT INTO ENROLLMENT VALUES('50000118', 'CS3335', TO_DATE('2007/1/5', 'YYYY/MM/DD'), 77);

INSERT INTO ENROLLMENT VALUES('50000059', 'CS3335', TO_DATE('2007/3/6', 'YYYY/MM/DD'), 70);

INSERT INTO ENROLLMENT VALUES('50000042', 'CS3335', TO_DATE('2007/2/9', 'YYYY/MM/DD'), 66);

INSERT INTO ENROLLMENT VALUES('50000074', 'CS3335', TO_DATE('2007/4/2', 'YYYY/MM/DD'), 70);

INSERT INTO ENROLLMENT VALUES('50000050', 'CS3335', TO_DATE('2007/3/4', 'YYYY/MM/DD'), 89);

INSERT INTO ENROLLMENT VALUES('50000103', 'CS3335', TO_DATE('2007/4/21', 'YYYY/MM/DD'), 64);

INSERT INTO ENROLLMENT VALUES('50000018', 'CS3335', TO_DATE('2007/3/28', 'YYYY/MM/DD'), 58);

INSERT INTO ENROLLMENT VALUES('50000064', 'CS3335', TO_DATE('2007/1/13', 'YYYY/MM/DD'), 91);

INSERT INTO ENROLLMENT VALUES('50000031', 'CS3335', TO_DATE('2007/1/2', 'YYYY/MM/DD'), 85);

INSERT INTO ENROLLMENT VALUES('50000145', 'CS3335', TO_DATE('2007/1/13', 'YYYY/MM/DD'), 81);

INSERT INTO ENROLLMENT VALUES('50000154', 'CS3335', TO_DATE('2007/2/14', 'YYYY/MM/DD'), 54);

INSERT INTO ENROLLMENT VALUES('50000141', 'CS3335', TO_DATE('2007/3/16', 'YYYY/MM/DD'), 100);

INSERT INTO ENROLLMENT VALUES('50000051', 'CS3335', TO_DATE('2007/1/8', 'YYYY/MM/DD'), 60);

INSERT INTO ENROLLMENT VALUES('50000125', 'CS3335', TO_DATE('2007/3/20', 'YYYY/MM/DD'), 81);

INSERT INTO ENROLLMENT VALUES('50000144', 'CS3335', TO_DATE('2007/3/13', 'YYYY/MM/DD'), 71);

INSERT INTO ENROLLMENT VALUES('50000178', 'CS3335', TO_DATE('2007/2/3', 'YYYY/MM/DD'), 80);

INSERT INTO ENROLLMENT VALUES('50000052', 'CS3335', TO_DATE('2007/2/6', 'YYYY/MM/DD'), 93);

INSERT INTO ENROLLMENT VALUES('50000106', 'CS3335', TO_DATE('2007/2/17', 'YYYY/MM/DD'), 55);

INSERT INTO ENROLLMENT VALUES('50000137', 'CS3335', TO_DATE('2007/1/12', 'YYYY/MM/DD'), 51);

INSERT INTO ENROLLMENT VALUES('50000028', 'CS3335', TO_DATE('2007/1/23', 'YYYY/MM/DD'), 78);

INSERT INTO ENROLLMENT VALUES('50000186', 'CS3335', TO_DATE('2007/1/20', 'YYYY/MM/DD'), 69);

INSERT INTO ENROLLMENT VALUES('50000046', 'CS3335', TO_DATE('2007/2/16', 'YYYY/MM/DD'), 68);

INSERT INTO ENROLLMENT VALUES('50000048', 'CS3335', TO_DATE('2007/4/14', 'YYYY/MM/DD'), 52);

INSERT INTO ENROLLMENT VALUES('50000100', 'CS3335', TO_DATE('2007/4/22', 'YYYY/MM/DD'), 91);

INSERT INTO ENROLLMENT VALUES('50000163', 'CS3335', TO_DATE('2007/4/9', 'YYYY/MM/DD'), 59);

INSERT INTO ENROLLMENT VALUES('50000166', 'CS3335', TO_DATE('2007/1/18', 'YYYY/MM/DD'), 100);

INSERT INTO ENROLLMENT VALUES('50000083', 'CS3335', TO_DATE('2007/1/23', 'YYYY/MM/DD'), 78);

INSERT INTO ENROLLMENT VALUES('50000047', 'CS3335', TO_DATE('2007/1/5', 'YYYY/MM/DD'), 72);

INSERT INTO ENROLLMENT VALUES('50000171', 'CS3335', TO_DATE('2007/3/5', 'YYYY/MM/DD'), 62);

INSERT INTO ENROLLMENT VALUES('50000102', 'CS3335', TO_DATE('2007/4/27', 'YYYY/MM/DD'), 91);

INSERT INTO ENROLLMENT VALUES('50000151', 'CS3335', TO_DATE('2007/2/4', 'YYYY/MM/DD'), 79);

INSERT INTO ENROLLMENT VALUES('50000022', 'CS3335', TO_DATE('2007/4/13', 'YYYY/MM/DD'), 56);

INSERT INTO ENROLLMENT VALUES('50000131', 'CS3335', TO_DATE('2007/2/1', 'YYYY/MM/DD'), 92);

INSERT INTO ENROLLMENT VALUES('50000119', 'CS3335', TO_DATE('2007/3/28', 'YYYY/MM/DD'), 76);

INSERT INTO ENROLLMENT VALUES('50000105', 'CS3335', TO_DATE('2007/1/18', 'YYYY/MM/DD'), 80);

INSERT INTO ENROLLMENT VALUES('50000179', 'CS3335', TO_DATE('2007/2/20', 'YYYY/MM/DD'), 63);

INSERT INTO ENROLLMENT VALUES('50000062', 'CS3335', TO_DATE('2007/4/8', 'YYYY/MM/DD'), 50);

INSERT INTO ENROLLMENT VALUES('50000099', 'CS3335', TO_DATE('2007/2/26', 'YYYY/MM/DD'), 66);

INSERT INTO ENROLLMENT VALUES('50000033', 'CS3335', TO_DATE('2007/4/26', 'YYYY/MM/DD'), 84);

INSERT INTO ENROLLMENT VALUES('50000160', 'CS3335', TO_DATE('2007/1/17', 'YYYY/MM/DD'), 52);

INSERT INTO ENROLLMENT VALUES('50000016', 'CS3335', TO_DATE('2007/1/25', 'YYYY/MM/DD'), 93);

INSERT INTO ENROLLMENT VALUES('50000089', 'CS3335', TO_DATE('2007/2/14', 'YYYY/MM/DD'), 70);

INSERT INTO ENROLLMENT VALUES('50000159', 'CS3335', TO_DATE('2007/4/8', 'YYYY/MM/DD'), 100);

INSERT INTO ENROLLMENT VALUES('50000078', 'CS3335', TO_DATE('2007/4/14', 'YYYY/MM/DD'), 79);

INSERT INTO ENROLLMENT VALUES('50000190', 'CS3335', TO_DATE('2007/3/19', 'YYYY/MM/DD'), 77);

INSERT INTO ENROLLMENT VALUES('50000104', 'CS3335', TO_DATE('2007/3/17', 'YYYY/MM/DD'), 56);

INSERT INTO ENROLLMENT VALUES('50000114', 'CS3335', TO_DATE('2007/4/14', 'YYYY/MM/DD'), 78);

INSERT INTO ENROLLMENT VALUES('50000130', 'CS3335', TO_DATE('2007/1/22', 'YYYY/MM/DD'), 60);

INSERT INTO ENROLLMENT VALUES('50000107', 'CS3335', TO_DATE('2007/1/12', 'YYYY/MM/DD'), 90);

INSERT INTO ENROLLMENT VALUES('50000108', 'CS3335', TO_DATE('2007/3/28', 'YYYY/MM/DD'), 63);

INSERT INTO ENROLLMENT VALUES('50000134', 'CS3335', TO_DATE('2007/3/17', 'YYYY/MM/DD'), 73);

INSERT INTO ENROLLMENT VALUES('50000098', 'CS3335', TO_DATE('2007/4/12', 'YYYY/MM/DD'), 92);

INSERT INTO ENROLLMENT VALUES('50000175', 'CS3335', TO_DATE('2007/1/2', 'YYYY/MM/DD'), 91);

INSERT INTO ENROLLMENT VALUES('50000148', 'CS3335', TO_DATE('2007/3/17', 'YYYY/MM/DD'), 90);

INSERT INTO ENROLLMENT VALUES('50000198', 'CS3335', TO_DATE('2007/2/10', 'YYYY/MM/DD'), 100);

INSERT INTO ENROLLMENT VALUES('50000149', 'CS3335', TO_DATE('2007/2/5', 'YYYY/MM/DD'), 60);

INSERT INTO ENROLLMENT VALUES('50000139', 'CS3335', TO_DATE('2007/2/23', 'YYYY/MM/DD'), 89);

INSERT INTO ENROLLMENT VALUES('50000183', 'CS3335', TO_DATE('2007/1/28', 'YYYY/MM/DD'), 71);

INSERT INTO ENROLLMENT VALUES('50000200', 'CS3335', TO_DATE('2007/2/27', 'YYYY/MM/DD'), 92);

INSERT INTO ENROLLMENT VALUES('50000110', 'CS3335', TO_DATE('2007/1/25', 'YYYY/MM/DD'), 78);

INSERT INTO ENROLLMENT VALUES('50000038', 'CS3335', TO_DATE('2007/2/3', 'YYYY/MM/DD'), 58);

INSERT INTO ENROLLMENT VALUES('50000167', 'CS3335', TO_DATE('2007/1/7', 'YYYY/MM/DD'), 86);

INSERT INTO ENROLLMENT VALUES('50000191', 'CS3335', TO_DATE('2007/4/20', 'YYYY/MM/DD'), 98);

INSERT INTO ENROLLMENT VALUES('50000034', 'CS3335', TO_DATE('2007/2/14', 'YYYY/MM/DD'), 98);

INSERT INTO ENROLLMENT VALUES('50000090', 'CS3335', TO_DATE('2007/1/10', 'YYYY/MM/DD'), 79);

INSERT INTO ENROLLMENT VALUES('50000109', 'CS3335', TO_DATE('2007/3/4', 'YYYY/MM/DD'), 59);

INSERT INTO ENROLLMENT VALUES('50000116', 'CS3335', TO_DATE('2007/3/4', 'YYYY/MM/DD'), 68);

INSERT INTO ENROLLMENT VALUES('50000043', 'CS3335', TO_DATE('2007/1/27', 'YYYY/MM/DD'), 88);

INSERT INTO ENROLLMENT VALUES('50000093', 'CS3335', TO_DATE('2007/3/22', 'YYYY/MM/DD'), 66);

INSERT INTO ENROLLMENT VALUES('50000156', 'CS3335', TO_DATE('2007/1/6', 'YYYY/MM/DD'), 82);

INSERT INTO ENROLLMENT VALUES('50000007', 'CS3335', TO_DATE('2007/2/19', 'YYYY/MM/DD'), 99);

INSERT INTO ENROLLMENT VALUES('50000162', 'CS3335', TO_DATE('2007/1/19', 'YYYY/MM/DD'), 50);

INSERT INTO ENROLLMENT VALUES('50000093', 'CS3402', TO_DATE('2007/2/21', 'YYYY/MM/DD'), 71);

INSERT INTO ENROLLMENT VALUES('50000079', 'CS3402', TO_DATE('2007/2/25', 'YYYY/MM/DD'), 64);

INSERT INTO ENROLLMENT VALUES('50000015', 'CS3402', TO_DATE('2007/3/22', 'YYYY/MM/DD'), 66);

INSERT INTO ENROLLMENT VALUES('50000176', 'CS3402', TO_DATE('2007/2/4', 'YYYY/MM/DD'), 92);

INSERT INTO ENROLLMENT VALUES('50000184', 'CS3402', TO_DATE('2007/1/5', 'YYYY/MM/DD'), 83);

INSERT INTO ENROLLMENT VALUES('50000112', 'CS3402', TO_DATE('2007/3/2', 'YYYY/MM/DD'), 88);

INSERT INTO ENROLLMENT VALUES('50000048', 'CS3402', TO_DATE('2007/3/25', 'YYYY/MM/DD'), 78);

INSERT INTO ENROLLMENT VALUES('50000180', 'CS3402', TO_DATE('2007/2/1', 'YYYY/MM/DD'), 81);

INSERT INTO ENROLLMENT VALUES('50000007', 'CS3402', TO_DATE('2007/4/13', 'YYYY/MM/DD'), 90);

INSERT INTO ENROLLMENT VALUES('50000089', 'CS3402', TO_DATE('2007/3/7', 'YYYY/MM/DD'), 85);

INSERT INTO ENROLLMENT VALUES('50000077', 'CS3402', TO_DATE('2007/2/17', 'YYYY/MM/DD'), 55);

INSERT INTO ENROLLMENT VALUES('50000053', 'CS3402', TO_DATE('2007/4/16', 'YYYY/MM/DD'), 84);

INSERT INTO ENROLLMENT VALUES('50000062', 'CS3402', TO_DATE('2007/2/10', 'YYYY/MM/DD'), 97);

INSERT INTO ENROLLMENT VALUES('50000129', 'CS3402', TO_DATE('2007/2/9', 'YYYY/MM/DD'), 77);

INSERT INTO ENROLLMENT VALUES('50000106', 'CS3402', TO_DATE('2007/1/12', 'YYYY/MM/DD'), 66);

INSERT INTO ENROLLMENT VALUES('50000090', 'CS3402', TO_DATE('2007/4/12', 'YYYY/MM/DD'), 85);

INSERT INTO ENROLLMENT VALUES('50000002', 'CS3402', TO_DATE('2007/4/27', 'YYYY/MM/DD'), 53);

INSERT INTO ENROLLMENT VALUES('50000014', 'CS3402', TO_DATE('2007/4/23', 'YYYY/MM/DD'), 61);

INSERT INTO ENROLLMENT VALUES('50000159', 'CS3402', TO_DATE('2007/3/9', 'YYYY/MM/DD'), 69);

INSERT INTO ENROLLMENT VALUES('50000029', 'CS3402', TO_DATE('2007/4/22', 'YYYY/MM/DD'), 75);

INSERT INTO ENROLLMENT VALUES('50000040', 'CS3402', TO_DATE('2007/3/19', 'YYYY/MM/DD'), 83);

INSERT INTO ENROLLMENT VALUES('50000094', 'CS3402', TO_DATE('2007/3/23', 'YYYY/MM/DD'), 58);

INSERT INTO ENROLLMENT VALUES('50000137', 'CS3402', TO_DATE('2007/2/14', 'YYYY/MM/DD'), 80);

INSERT INTO ENROLLMENT VALUES('50000004', 'CS3402', TO_DATE('2007/1/19', 'YYYY/MM/DD'), 80);

INSERT INTO ENROLLMENT VALUES('50000012', 'CS3402', TO_DATE('2007/4/14', 'YYYY/MM/DD'), 76);

INSERT INTO ENROLLMENT VALUES('50000047', 'CS3402', TO_DATE('2007/4/28', 'YYYY/MM/DD'), 99);

INSERT INTO ENROLLMENT VALUES('50000107', 'CS3402', TO_DATE('2007/3/3', 'YYYY/MM/DD'), 94);

INSERT INTO ENROLLMENT VALUES('50000022', 'CS3402', TO_DATE('2007/1/8', 'YYYY/MM/DD'), 71);

INSERT INTO ENROLLMENT VALUES('50000190', 'CS3402', TO_DATE('2007/4/3', 'YYYY/MM/DD'), 68);

INSERT INTO ENROLLMENT VALUES('50000008', 'CS3402', TO_DATE('2007/2/25', 'YYYY/MM/DD'), 94);

INSERT INTO ENROLLMENT VALUES('50000078', 'CS3402', TO_DATE('2007/4/7', 'YYYY/MM/DD'), 59);

INSERT INTO ENROLLMENT VALUES('50000051', 'CS3402', TO_DATE('2007/1/3', 'YYYY/MM/DD'), 90);

INSERT INTO ENROLLMENT VALUES('50000076', 'CS3402', TO_DATE('2007/2/9', 'YYYY/MM/DD'), 71);

INSERT INTO ENROLLMENT VALUES('50000082', 'CS3402', TO_DATE('2007/2/13', 'YYYY/MM/DD'), 83);

INSERT INTO ENROLLMENT VALUES('50000165', 'CS3402', TO_DATE('2007/1/10', 'YYYY/MM/DD'), 79);

INSERT INTO ENROLLMENT VALUES('50000091', 'CS3402', TO_DATE('2007/1/14', 'YYYY/MM/DD'), 86);

INSERT INTO ENROLLMENT VALUES('50000196', 'CS3402', TO_DATE('2007/1/3', 'YYYY/MM/DD'), 56);

INSERT INTO ENROLLMENT VALUES('50000044', 'CS3402', TO_DATE('2007/2/2', 'YYYY/MM/DD'), 56);

INSERT INTO ENROLLMENT VALUES('50000016', 'CS3402', TO_DATE('2007/4/13', 'YYYY/MM/DD'), 92);

INSERT INTO ENROLLMENT VALUES('50000130', 'CS3402', TO_DATE('2007/2/10', 'YYYY/MM/DD'), 99);

INSERT INTO ENROLLMENT VALUES('50000038', 'CS3402', TO_DATE('2007/2/24', 'YYYY/MM/DD'), 57);

INSERT INTO ENROLLMENT VALUES('50000114', 'CS3402', TO_DATE('2007/4/4', 'YYYY/MM/DD'), 58);

INSERT INTO ENROLLMENT VALUES('50000059', 'CS3402', TO_DATE('2007/2/22', 'YYYY/MM/DD'), 54);

INSERT INTO ENROLLMENT VALUES('50000110', 'CS3402', TO_DATE('2007/4/16', 'YYYY/MM/DD'), 90);

INSERT INTO ENROLLMENT VALUES('50000194', 'CS3402', TO_DATE('2007/1/26', 'YYYY/MM/DD'), 65);

INSERT INTO ENROLLMENT VALUES('50000085', 'CS3402', TO_DATE('2007/1/23', 'YYYY/MM/DD'), 70);

INSERT INTO ENROLLMENT VALUES('50000149', 'CS3402', TO_DATE('2007/3/21', 'YYYY/MM/DD'), 98);

INSERT INTO ENROLLMENT VALUES('50000168', 'CS3402', TO_DATE('2007/1/11', 'YYYY/MM/DD'), 73);

INSERT INTO ENROLLMENT VALUES('50000067', 'CS3402', TO_DATE('2007/1/14', 'YYYY/MM/DD'), 77);

INSERT INTO ENROLLMENT VALUES('50000097', 'CS3402', TO_DATE('2007/1/24', 'YYYY/MM/DD'), 99);

INSERT INTO ENROLLMENT VALUES('50000128', 'CS3402', TO_DATE('2007/2/14', 'YYYY/MM/DD'), 50);

INSERT INTO ENROLLMENT VALUES('50000133', 'CS3402', TO_DATE('2007/2/12', 'YYYY/MM/DD'), 61);

INSERT INTO ENROLLMENT VALUES('50000153', 'CS3402', TO_DATE('2007/1/5', 'YYYY/MM/DD'), 61);

INSERT INTO ENROLLMENT VALUES('50000177', 'CS3402', TO_DATE('2007/2/16', 'YYYY/MM/DD'), 69);

INSERT INTO ENROLLMENT VALUES('50000158', 'CS3402', TO_DATE('2007/4/20', 'YYYY/MM/DD'), 64);

INSERT INTO ENROLLMENT VALUES('50000103', 'CS3402', TO_DATE('2007/2/21', 'YYYY/MM/DD'), 97);

INSERT INTO ENROLLMENT VALUES('50000185', 'CS3402', TO_DATE('2007/3/24', 'YYYY/MM/DD'), 64);

INSERT INTO ENROLLMENT VALUES('50000018', 'CS3402', TO_DATE('2007/1/13', 'YYYY/MM/DD'), 63);

INSERT INTO ENROLLMENT VALUES('50000147', 'CS3402', TO_DATE('2007/1/7', 'YYYY/MM/DD'), 55);

INSERT INTO ENROLLMENT VALUES('50000028', 'CS3402', TO_DATE('2007/4/8', 'YYYY/MM/DD'), 78);

INSERT INTO ENROLLMENT VALUES('50000055', 'CS3402', TO_DATE('2007/4/19', 'YYYY/MM/DD'), 92);

INSERT INTO ENROLLMENT VALUES('50000123', 'CS3402', TO_DATE('2007/1/15', 'YYYY/MM/DD'), 96);

INSERT INTO ENROLLMENT VALUES('50000200', 'CS3402', TO_DATE('2007/2/19', 'YYYY/MM/DD'), 71);

INSERT INTO ENROLLMENT VALUES('50000156', 'CS3402', TO_DATE('2007/3/2', 'YYYY/MM/DD'), 79);

INSERT INTO ENROLLMENT VALUES('50000175', 'CS3402', TO_DATE('2007/3/3', 'YYYY/MM/DD'), 71);

INSERT INTO ENROLLMENT VALUES('50000061', 'CS3402', TO_DATE('2007/1/16', 'YYYY/MM/DD'), 59);

INSERT INTO ENROLLMENT VALUES('50000072', 'CS3402', TO_DATE('2007/4/13', 'YYYY/MM/DD'), 55);

INSERT INTO ENROLLMENT VALUES('50000135', 'CS3402', TO_DATE('2007/1/12', 'YYYY/MM/DD'), 77);

INSERT INTO ENROLLMENT VALUES('50000001', 'CS3402', TO_DATE('2007/4/1', 'YYYY/MM/DD'), 91);

INSERT INTO ENROLLMENT VALUES('50000111', 'CS4182', TO_DATE('2007/1/21', 'YYYY/MM/DD'), 62);

INSERT INTO ENROLLMENT VALUES('50000002', 'CS4182', TO_DATE('2007/1/6', 'YYYY/MM/DD'), 56);

INSERT INTO ENROLLMENT VALUES('50000032', 'CS4182', TO_DATE('2007/1/20', 'YYYY/MM/DD'), 77);

INSERT INTO ENROLLMENT VALUES('50000099', 'CS4182', TO_DATE('2007/2/2', 'YYYY/MM/DD'), 98);

INSERT INTO ENROLLMENT VALUES('50000087', 'CS4182', TO_DATE('2007/3/12', 'YYYY/MM/DD'), 71);

INSERT INTO ENROLLMENT VALUES('50000147', 'CS4182', TO_DATE('2007/4/12', 'YYYY/MM/DD'), 74);

INSERT INTO ENROLLMENT VALUES('50000187', 'CS4182', TO_DATE('2007/2/4', 'YYYY/MM/DD'), 51);

INSERT INTO ENROLLMENT VALUES('50000185', 'CS4182', TO_DATE('2007/4/10', 'YYYY/MM/DD'), 64);

INSERT INTO ENROLLMENT VALUES('50000161', 'CS4182', TO_DATE('2007/2/7', 'YYYY/MM/DD'), 100);

INSERT INTO ENROLLMENT VALUES('50000155', 'CS4182', TO_DATE('2007/3/16', 'YYYY/MM/DD'), 79);

INSERT INTO ENROLLMENT VALUES('50000093', 'CS4182', TO_DATE('2007/1/16', 'YYYY/MM/DD'), 64);

INSERT INTO ENROLLMENT VALUES('50000195', 'CS4182', TO_DATE('2007/3/6', 'YYYY/MM/DD'), 90);

INSERT INTO ENROLLMENT VALUES('50000028', 'CS4182', TO_DATE('2007/4/17', 'YYYY/MM/DD'), 74);

INSERT INTO ENROLLMENT VALUES('50000190', 'CS4182', TO_DATE('2007/3/6', 'YYYY/MM/DD'), 83);

INSERT INTO ENROLLMENT VALUES('50000149', 'CS4182', TO_DATE('2007/4/7', 'YYYY/MM/DD'), 54);

INSERT INTO ENROLLMENT VALUES('50000005', 'CS4182', TO_DATE('2007/1/21', 'YYYY/MM/DD'), 54);

INSERT INTO ENROLLMENT VALUES('50000188', 'CS4182', TO_DATE('2007/1/11', 'YYYY/MM/DD'), 83);

INSERT INTO ENROLLMENT VALUES('50000061', 'CS4182', TO_DATE('2007/1/15', 'YYYY/MM/DD'), 63);

INSERT INTO ENROLLMENT VALUES('50000177', 'CS4182', TO_DATE('2007/4/8', 'YYYY/MM/DD'), 98);

INSERT INTO ENROLLMENT VALUES('50000137', 'CS4182', TO_DATE('2007/2/12', 'YYYY/MM/DD'), 66);

INSERT INTO ENROLLMENT VALUES('50000123', 'CS4182', TO_DATE('2007/3/23', 'YYYY/MM/DD'), 79);

INSERT INTO ENROLLMENT VALUES('50000152', 'CS4182', TO_DATE('2007/4/25', 'YYYY/MM/DD'), 68);

INSERT INTO ENROLLMENT VALUES('50000045', 'CS4182', TO_DATE('2007/3/28', 'YYYY/MM/DD'), 81);

INSERT INTO ENROLLMENT VALUES('50000021', 'CS4182', TO_DATE('2007/1/3', 'YYYY/MM/DD'), 85);

INSERT INTO ENROLLMENT VALUES('50000068', 'CS4182', TO_DATE('2007/2/7', 'YYYY/MM/DD'), 62);

INSERT INTO ENROLLMENT VALUES('50000006', 'CS4182', TO_DATE('2007/3/28', 'YYYY/MM/DD'), 50);

INSERT INTO ENROLLMENT VALUES('50000044', 'CS4182', TO_DATE('2007/1/5', 'YYYY/MM/DD'), 71);

INSERT INTO ENROLLMENT VALUES('50000186', 'CS4182', TO_DATE('2007/1/13', 'YYYY/MM/DD'), 59);

INSERT INTO ENROLLMENT VALUES('50000181', 'CS4182', TO_DATE('2007/2/27', 'YYYY/MM/DD'), 89);

INSERT INTO ENROLLMENT VALUES('50000063', 'CS4182', TO_DATE('2007/2/2', 'YYYY/MM/DD'), 52);

INSERT INTO ENROLLMENT VALUES('50000033', 'CS4182', TO_DATE('2007/4/16', 'YYYY/MM/DD'), 80);

INSERT INTO ENROLLMENT VALUES('50000110', 'CS4182', TO_DATE('2007/3/5', 'YYYY/MM/DD'), 53);

INSERT INTO ENROLLMENT VALUES('50000179', 'CS4182', TO_DATE('2007/3/5', 'YYYY/MM/DD'), 53);

INSERT INTO ENROLLMENT VALUES('50000052', 'CS4182', TO_DATE('2007/1/22', 'YYYY/MM/DD'), 87);

INSERT INTO ENROLLMENT VALUES('50000196', 'CS4182', TO_DATE('2007/3/26', 'YYYY/MM/DD'), 62);

INSERT INTO ENROLLMENT VALUES('50000065', 'CS4182', TO_DATE('2007/4/15', 'YYYY/MM/DD'), 89);

INSERT INTO ENROLLMENT VALUES('50000122', 'CS4182', TO_DATE('2007/4/9', 'YYYY/MM/DD'), 71);

INSERT INTO ENROLLMENT VALUES('50000034', 'CS4182', TO_DATE('2007/1/22', 'YYYY/MM/DD'), 95);

INSERT INTO ENROLLMENT VALUES('50000117', 'CS4182', TO_DATE('2007/3/5', 'YYYY/MM/DD'), 99);

INSERT INTO ENROLLMENT VALUES('50000077', 'CS4182', TO_DATE('2007/1/16', 'YYYY/MM/DD'), 57);

INSERT INTO ENROLLMENT VALUES('50000109', 'CS4182', TO_DATE('2007/3/28', 'YYYY/MM/DD'), 65);

INSERT INTO ENROLLMENT VALUES('50000112', 'CS4182', TO_DATE('2007/1/26', 'YYYY/MM/DD'), 53);

INSERT INTO ENROLLMENT VALUES('50000096', 'CS4182', TO_DATE('2007/4/13', 'YYYY/MM/DD'), 70);

INSERT INTO ENROLLMENT VALUES('50000009', 'CS4182', TO_DATE('2007/3/2', 'YYYY/MM/DD'), 52);

INSERT INTO ENROLLMENT VALUES('50000128', 'CS4182', TO_DATE('2007/4/7', 'YYYY/MM/DD'), 70);

INSERT INTO ENROLLMENT VALUES('50000075', 'CS4182', TO_DATE('2007/3/28', 'YYYY/MM/DD'), 52);

INSERT INTO ENROLLMENT VALUES('50000108', 'CS4182', TO_DATE('2007/4/23', 'YYYY/MM/DD'), 91);

INSERT INTO ENROLLMENT VALUES('50000084', 'CS4182', TO_DATE('2007/4/19', 'YYYY/MM/DD'), 82);

INSERT INTO ENROLLMENT VALUES('50000074', 'CS4182', TO_DATE('2007/1/7', 'YYYY/MM/DD'), 76);

INSERT INTO ENROLLMENT VALUES('50000141', 'CS4182', TO_DATE('2007/2/5', 'YYYY/MM/DD'), 75);

INSERT INTO ENROLLMENT VALUES('50000036', 'CS4182', TO_DATE('2007/3/21', 'YYYY/MM/DD'), 53);

INSERT INTO ENROLLMENT VALUES('50000102', 'CS4182', TO_DATE('2007/2/13', 'YYYY/MM/DD'), 96);

INSERT INTO ENROLLMENT VALUES('50000012', 'CS4182', TO_DATE('2007/1/10', 'YYYY/MM/DD'), 55);

INSERT INTO ENROLLMENT VALUES('50000016', 'CS4182', TO_DATE('2007/2/22', 'YYYY/MM/DD'), 55);

INSERT INTO ENROLLMENT VALUES('50000013', 'CS4182', TO_DATE('2007/3/7', 'YYYY/MM/DD'), 84);

INSERT INTO ENROLLMENT VALUES('50000158', 'CS4182', TO_DATE('2007/2/4', 'YYYY/MM/DD'), 61);

INSERT INTO ENROLLMENT VALUES('50000073', 'CS4182', TO_DATE('2007/1/7', 'YYYY/MM/DD'), 80);

INSERT INTO ENROLLMENT VALUES('50000162', 'CS4182', TO_DATE('2007/1/16', 'YYYY/MM/DD'), 52);

INSERT INTO ENROLLMENT VALUES('50000079', 'CS4182', TO_DATE('2007/2/22', 'YYYY/MM/DD'), 68);

INSERT INTO ENROLLMENT VALUES('50000160', 'CS4182', TO_DATE('2007/4/21', 'YYYY/MM/DD'), 73);

INSERT INTO ENROLLMENT VALUES('50000011', 'CS4182', TO_DATE('2007/4/8', 'YYYY/MM/DD'), 75);
